Vendor,ProductName(TotalCI/NodeQuantity),Version,Function,IntendedUse,Product Category,LCCE UniqueID,PLM/PDM Root,PLM/PDM Part Number,"Mitigated Version #
(25 char limit exceeded)",Virtual Endpoint Client S/NVEC1,Virtual Endpoint Client (not Vec1) VECx,Satelite Tranmission Terminal Laptop,Engineering Node Management System,Active Directory Services,Perf EnhancingProxy,Network Timing Protocol,Network Recovery & Monitoring,ColorlessNode Manager,SIPR Node Manager,NIPR Node Manager,Network Operations LAN Manager,Network Operations WAN Manager,SIPR Multi-Domain Appliance,,,"Provisioning Maintenance
Laptop (B300)","Maintenance
Laptop (GD8000)",PDSS RELEASE DRIVE,Call Manager,Security Information Manager  ,Security Information Manager (2) ,"Elastic 
Syslog & Filebeat","Elastic
Logstash & Kibana",VMWare ESXi Server ,Nessus Scan Tool,LAN Tier 2 Router (Cisco vRouter) Lite/TRT,LAN Tier 2 Router (Cisco vRouter)             NGEN,Firewall Host (Palo Alto vFw),"Firewall Host (vFW)
(Colorless/
SIPR PoP/SNE)",Firewall Manager (Palo Alto Panorama),RVPS Application Server                    (SIPR),RVPS Application Server          (N/X),ACAS Security Center,,,,,,,,,,,,,
,,,,,"D=Developed
F=Free/Share
G=GFE/GFS
S=Subcontractor
V=VendorCOTS
LSVD",,,,,S/NVEC1,VECx,"STT
Laptop",ENG,DSC,PEP,"NTP
(CentOS)",NRM  (CentOS)  ,XNDM,SNDM,NNDM,NOM,NOW,SMDA  (NG SNE),SMDA (NG POP),SMDA (TCN L),MNT (B300),MNT (GD8000),PDSS RELEASE DRIVE,"CMX
(RedCom)",SIM1,SIM2,SYA,SYI,ESX,NST,T2R (Lite/TRT),T2R (NGEN),FWH,"X/SFWH
(PoP/SNE)",FWM,SRVP,N/XRVP,ASC,,,,,,,,,,,,,
90meter,Smart Card Manager (Middleware),1.2.27,Information Assurance (IA),Middleware to enable reading of SIPR Tokens,G,3542,2843939,07-2843939-G1.2.27C,,1,1,,1,,,,,,1,,,,1,1,1,,,,,,,,,,,,,,,,,,,,,,,,,,,,,,,
ActivIDentity GOTS (AGM),ActivClient CAC (Middleware),7.3.0.25,Information Assurance (IA),Middleware to enable reading of CACs,G,1966,2817065,07-2817065-G7.3.0.25C,,1,1,1,1,,,,,1,,1,,,,,,1,1,,,,,,,,,,,,,,,1,,,,,,,,,,,,,,
ActiveState,ActivePerl,5.14.4,,Scripting language to interact with ESXi host through Perl API and used by NMS Credential Scripts,G,3811,2849887,07-2849887-G5.14.4C,,1,1,1,,,,,,1,1,1,,,1,1,1,1,1,,,,,,,,,,,,,,1,1,,,,,,,,,,,,,,
Adobe,Adobe Reader DC,2022.002.20191,,PDF editor and browser connected to Adobe Document Cloud,F,3752,2847099,,,1,1,1,1,,,,,1,1,1,,,1,1,1,1,1,,,,,,,,,,,,,,1,1,,,,,,,,,,,,,,
Antlr.org,ANTLR,3.4.1,,Parser generator included in MS RPS Sw Bundle,F,3740,2846902,07-2846902-F3.4.1ELS,,,,,,,,,,,,,,,,,,,,,,,,,,,,,,,,,1,1,,,,,,,,,,,,,,
Antlr.org,ANTLR,3.5,,Parser generator included in MS RPS Sw Bundle,F,3740,2846902,07-2846902-F3.5ELS,,,,,,,,,,,,,,,,,,,,,,,,,,,,,,,,,1,1,,,,,,,,,,,,,,
Apache,Ant,1.9.5,,Build Tool,F,3765,2847132,07-2847132-F1.9.5ELS,,,,1,,,,,,1,1,,,,,,,1,1,,,,,,,,,,,,,,,,,,,,,,,,,,,,,
Apache,Apache POI ,3.12,,Framework for reading and writing files in Microsoft Excel format used by WAN_Planning NMS Bundle,F,3793,2849395,07-2849395-F3.12ELS,,,,,1,,,,,,,,,,,,,,,,,,,,,,,,,,,,,,,,,,,,,,,,,,,
Apache,Apache POI OOXML Schemas,1.1,,Schemas to work with Apache POI tool used by WAN Planning NMS Bundle and WINT_NetDefGenerator tool,F,3799,2849869,07-2849869-F1.1ELS,,,,,1,,,,,,,,,,,,,,,1,,,,,,,,,,,,,,,,,,,,,,,,,,,,
Apache,HTTPClient,3.1,,java.net package for accessing resources via HTTP,F,1969,2817025,07-2817025-F3.1ELS,,,,,1,,,,,1,1,1,,,1,1,1,,,,,,,,,,,,,,,,,,,,,,,,,,,,,,,
Apache,log4j,2.17.2,Logging,Java-based logging utility used by WINT_NetStatusService,F,,,,,,,,,,,,1,,,,,,,,,,,,,,,,,,,,,,,,,,,,,,,,,,,,,,,
Apache,Struts2,2.5.17,,Web Gui framework used by NMS_Monitoring NMS bundle,F,,,,,,,,,,,,,,,,,,,,,,,,,,,,,,,,,,,,,,,,,,,,,,,,,,,
Apache Commons,Logging,1.1.1,,Logging interface,F,1971,2817028,07-2817028-F1.1.1ELS,,,,,1,,,,,,,,,,,,,,,,,,,,,,,,,,,,,,,,,,,,,,,,,,,
AutoitScript,Auto-It Scripts,3.3.6.1,Background Support,Scripting language for automating Windows GUI and scripting,F,1972,2817031,07-2817031-F3.3.6.1ELS,,,,,,,,,,,,,,,,,,,,,,,,,,,,,,,,,,,,,,,,,,,,,,,,
Axway,Desktop Validator Standard,5.1,Information Assurance (IA),Certificate revocation status validation,G,1974,2817106,07-2817106-G5.1C,,1,1,1,1,,,,,1,1,1,,,1,1,1,1,1,,,,,,,,,,,,,,,,,,,,,,,,,,,,,
Azul,Zulu JDK (64 bits),8u345b09 / Zulu: 8.64.0.19,Information Assurance (IA),Java Development Kit,F,3851,US00202390,US00202390-F8.42.0.21-jdk8.0.232ELS,,1,1,,1,,,,1,1,1,1,,,1,1,1,,,,,,,,,,,,,,,,,,,,,,,,,,,,,,,
Azul,Zulu JRE (32 bits),8u345b09 / Zulu: 8.64.0.19,Information Assurance (IA),Java Runtime Environment,F,3852,US00202391,US00202391-F8.42.0.21-jre8.0.232ELS,,1,1,1,1,,,,,1,1,1,,,1,1,1,1,1,,,,,,,,,,,,,,,,,,,,,,,,,,,,,
Azul,Zulu JRE (64 bits),8u345b09 / Zulu: 8.64.0.19,Information Assurance (IA),Java Runtime Environment,F,3853,US00202392,US00202392-F8.42.0.21-jre8.0.232ELS,,1,1,1,1,,,,,1,1,1,,,1,1,1,1,1,,,,,,,,,,,,,,,,,,,,,,,,,,,,,
beansbinding.dev.java.net,Beans Binding,1.2.1,, Framework used to bind data objects to Java Swing GUI components used by WAN_Planning and Monitoring NMS Bundles,F,5035,2849396,07-2849396-F1.2.1ELS,,,,,1,,,,,,,,,,,,,,,,,,,,,,,,,,,,,,,,,,,,,,,,,,,
Castle Rock,"SNMPc Enterprise Edition
w/ remote Java console edition",9.0.12.1,Network Management/ Planning,"Displays topology map, event logs, and MIB displays",G,1549,2817039,07-2817039-G9.0.12.1C,,,,,,,,,,,,,,,,,,,,,,,,,,,,,,,,,,,,,,,,,,,,,,,,
Castle Rock,SNMPc Online ,12.1.10.1,Network Management/ Planning,"Front end for network statistics, alerts, and node information ",G,2169,2817036,07-2817036-G12.1.10.1C,,,,,,,,,,,,,,,,,,,,,,,,,,,,,,,,,,,,,,,,,,,,,,,,
Castle Rock,SNMPc Remote Access Extension,9.0.12.1,Network Management/ Planning,Allows for Remote Console users and Remote Polling agents,G,1551,2817037,07-2817037-G9.0.12.1C,,,,,,,,,,,,,,,,,,,,,,,,,,,,,,,,,,,,,,,,,,,,,,,,
Castle Rock,SNMPc Workgroup Edition,9.0.12.1,Network Management/ Planning,Proactive real-time monitoring of a network infrastructure,G,1975,2825940,07-2825940-G9.0.12.1C,,,,,,,,,,,,,,,,,,,,,,,,,,,,,,,,,,,,,,,,,,,,,,,,
Cisco,CSR 1000v FLT 2.5G,17.1.6a,,2.5G virtual router to provide hardware LAN Router functionality ,V,3878,US00202413,US00202413-V16.12.4_SR687365301_3LRCQ,,,,,,,,,,,,,,,,,,,,,,,,,,,,1,1,,,,,,,,,,,,,,,,,,,
Microsoft,Federal License Tool Activation,1.0.0 11-4-2022,,Tool that activates Cisco Licences to use on Cisco Devices. ,G,,,,,,,,,,,,,1,1,1,,,,,,1,,,,,,,,,,,,,,,,,,,,,,,,,,,,,,
Cisco ,Federal License Tool,1.0.0 2021-11-30_2023-06-01,,Tool that generates the authorization code to license the Cisco CSR virtual router. Note: cert start and expiration date added to version number,G,3854,US00202393,US00202393-G1.0.0 2020-92-29_2022-03-31C,,,,1,,,,,,1,1,1,,,,,,1,1,,,,,,,,,,,,,,,,,,,,,,,,,,,,,
commons.apache.org/BeanUtils,Apache Commons-BeanUtils,1.8,,Utilities for manipulating java beans,F,1977,2825970,07-2825970-F1.8ELS,,,,,1,,,,,,,,,,,,,,,,,,,,,,,,,,,,,,,,,,,,,,,,,,,
commons.apache.org/io,Apache Commons-IO,1.4,,Utilities for input/output operations,F,1978,2825969,07-2825969-F1.4ELS,,,,,,,,,,,,,,,,,,,,,,,,,,,,,,,,,,,,,,,,,,,,,,,,
commons.apache.org/jxpath,Apache Commons-JxPath,1.3,,Interpreter of expression language (Xpath),F,2197,2826043,07-2826043-F1.3ELS,,,,,1,,,,,,,,,,,,,,,,,,,,,,,,,,,,,,,,,,,,,,,,,,,
commons.apache.org/lang,Apache Commons-Lang,2.3,,"String handling utilities 
",F,1979,2825968,07-2825968-F2.3ELS,,,,,1,,,,,,,,,,,,,,,,,,,,,,,,,,,,,,,,,,,,,,,,,,,
DataPath,MaxView Enterprise,7.4.3.0,,"Management software for devices including MPM modem, Antenna Control unit and GPS ",V,,2902410,07-2902410-V7.4.3.0LRCQ,,,,1,,,,,,,,,,,,,,,,,,,,,,,,,,,,,,,,,,,,,,,,,,,,
Equilateral Technologies,GeoImagery,1.5,,Terrain imagery renderer included in Wan_Planning and Wan_Monitoring NMS bundles,V,5254,2941129,07-2941129-V1.5LRCQ,,,,,1,,,,,,,,,,,,,,,,,,,,,,,,,,,,,,,,,,,,,,,,,,,
Equilateral Technologies,LC Utility ,2.3.2,,Convert raw geo TIFF Land Cover maps in disparate geo TIFF formats provided by ESA or USGS into the standard .LULC format used by the SME library and GeoImagery utility,D,3771,2847169,07-2847169-D2.3.2L,,,,,1,,,,,,,,,,,,,,,,,,,,,,,,,,,,,,,,,,,,,,,,,,,
Equilateral Technologies,Spectrum Management Engine (SME)  ,35.3.3,,Wireless Network planning and optimization tools.  Included in WAN_Planning NMS bundle ,V,2177,2819035,07-2819035-V35.3.3LRCQ,,,,,,,,,,,,,,,,,,,,,,,,,,,,,,,,,,,,,,,,,,,,,,,,
FasterXML,Jackson,1.8,,Tool to work with JSON 2 formatted file protocol used by WAN_Planning and NMS_Monitoring NMS bundles,F,5034,2849871,07-2849871-F1.8ELS,,,,,1,,,,,,,,,,,,,,,,,,,,,,,,,,,,,,,,,,,,,,,,,,,
FileZilla Server,FileZilla Server,0.9.49,,Supports Datapath Maxview software  ,V,,2902411,07-2902411-V0.9.49LRCQ,,,,1,,,,,,,,,,,,,,,,,,,,,,,,,,,,,,,,,,,,,,,,,,,,
GD,ACAS Scan Zone Tool,2.5.19.3.0,,Tool to compute the various ACAS scan zones ,D,3840,2901227,07-2901227-D2.5.19.3.0L,,,,,,,,,,,,,,,,,,,,1,,,,,,,,,,,,,,,,,,,,,,,,,,,,
GD,ADKInstall,2.5.19.2.00,,Tool for installing Deployment tools feature of MS Windows Assessment & Deployment kit (ADK),D,3820,2900325,07-2900325-D2.5.19.2.00L,,,,,,,,,,,,,,,,,,,,1,,,,,,,,,,,,,,,,,,,,,,,,,,,,
GD,ESXiUSBKEY,2.5.23.1.00,Utility,ESXi Server Operating System Installer.,D,3795,2849620,07-2849620-D2.5.23.1.00L,,,,,,,,,,,,,,,,,,,,1,,,,,,,,,,,,,,,,,,,,,,,,,,,,
GD,iPXEUSBKEY,2.5.23.1.00,Utility,Tool used to create iPXE boot drive to allow systems to PXE boot,D,3847,2902034,07-2902034-D2.5.23.1.00L,,,,,,,,,,,,,,,,,,,,1,,,,,,,,,,,,,,,,,,,,,,,,,,,,
GD,NCW Gold Configs ,10.5.4,,NCW gold configs for terminal configurations that include the MPM-1000 and MPM-2000 modems,D,3892,2902406,07-2902406-D10.5.4L,,,,,,,,,,,,,,,,,,,,1,,,,,,,,,,,,,,,,,,,,,,,,,,,,
GD,NetStatusClient,,Utility,Access the netstatus service running on the NRM.,D,3787,2848763,07-2848763-DL,,,,1,,,,,,,,,,,,,,1,1,,,,,,,,,,,,,,,,,,,,,,,,,,,,,
GD,OCSP Responder,2.5.18.3.3,,Consumes CRLs and acts as the source of certificate revocation status.,D,3804,2849876,07-2849876-D2.5.18.3.3L,,,,,,,,,,,,,,,,,,,,,,,,,,,,,,,,,1,1,,,,,,,,,,,,,,
GD,PHSS Package,Apr2019,,Used for training,D,1989,2817056,07-2817056-DApr2019L,,1,1,,1,,,,,1,1,1,,,1,1,1,1,1,,,,,,,,,,,,,,,,,,,,,,,,,,,,,
GD,Provisioning Configuration Tool,2.5.22.3.0,Utility,Enabls rion Provisioning Nodeonfig files for use wi RDT,D,,,,,,,,,,,,,,,,,,,,,,,,,,,,,,,,,,,,1,1,,,,,,,,,,,,,,
GD,PTMT,2.5.22.1.00,Utility,Password Template Management Tool (PTMT) used to populate the Password Template and create the Passwords.txt file,D,3893,2902407,07-2902407-D2.5.22.1.00L,,,,,,,,,,,,,,,,,,,,1,,,,,,,,,,,,,,,,,,,,,,,,,,,,
GD,Riverbed Finalization,2.5.22.4.01,,Script to apply the configuration and license to a PEP,D,3781,2848251,07-2848251-D2.5.22.4.01L,,,,,,,,,,,,,,,,,,,,1,,,,,,,,,,,,,,,,,,,,,,,,,,,,
GD,SAASMCfg,2.0.2,Utility,Selective Availability/Anti-Spoof Module (GPS Configuration Utility),D,1986,2825942,07-2825942-D2.0.2L,,,,,,,,,,,,,,,,,,,,1,,,,,,,,,,,,,,,,,,,,,,,,,,,,
GD,Taclane Configuration Tool,1.4.15,,TCT used for automated configuration of KG-175D via console using XML based configuration files,G,3805,2849877,07-2849877-G1.4.15C,,,,,,,,,,,,,,,,,,,,1,,,,,,,,,,,,,,,,,,,,,,,,,,,,
GD,TranferPatchesTool,2.5.23.1.00,Utility,"Consists of two software applications
• Download Patches Application
• Upload Patches Application
These apps will enable patching to the STT Laptop and the MNT laptop, including the APP VM and the AD VM.",G,3895,2902409,07-2902409-G2.5.23.1.00C,,,,,,,,,,,,,,,,,,,,1,,,,,,,,,,,,,,,,,,,,,,,,,,,,
GD,Trust Element Repository Reader/Writer web application,2.5.18.3.3,,Provides access to PKI trust elements and CRLs.  The Writer app permits authorized agents to update the content of the TER; the reader app permits agents to read TER content.,D,3791,2849176,07-2849176-D2.5.18.3.3L,,,,,,,,,,,,,,,,,,,,,,,,,,,,,,,,,1,1,,,,,,,,,,,,,,
GD,vFW_Config_Tool,2.5.19.2.1,,Configure the Palo Alto virtual Firewall,D,3776,2847923,07-2847923-D2.5.19.2.1L,,,,,,,,,,,,,,,,,,,,1,,,,,,,,,,,,,,,,,,,,,,,,,,,,
GD,vmDeployment scripts,2.5.21.2.00,,Scripts used to deploy VMs,D,3202,2839281,07-2839281-D2.5.21.2.00L,,,,,,,,,,,,,,,,,,,,1,,,,,,,,,,,,,,,,,,,,,,,,,,,,
GD,WINT_CnrOneTouch,2.5.19.03.07,,GUI for Combat_Net_Radio Gateway operation,D,3415,2842344,07-2842344-D2.5.19.03.07L,,,,,,,,,,,1,,,,1,1,1,,,,,,,,,,,,,,,,,,,,,,,,,,,,,,,
GD,WINT_CommGoalTransformUtility,2.5.21.02.02,,Tools used to convert a MPM communication goal to a human readable cutsheet in HTML format.,D,2998,2837508,07-2837508-D2.5.21.02.02L,,,,,1,,,,,,,,,,,,,,,,,,,,,,,,,,,,,,,,,,,,,,,,,,,
GD,WINT_Credentials,2.5.19.03.07,,Perform password updates for NMS accounts,D,3089,2837509,07-2837509-D2.5.19.03.07L,,,,,1,,,,,,,,,,,,,,,,,,,,,,,,,,,,,,,,,,,,,,,,,,,
GD,WINT_Credentials,2.5.22.03.01,,Perform password updates for NMS accounts,D,3089,2837509,07-2837509-D2.5.22.03.01L,,,,,,,,,,,,,,,,,,,,,,,,,,,,,,,,,,,,,,,,,,,,,,,,
GD,WINT_FBCB2Connect,2.5.19.03.07,,Launcher to display FBCB2 or JBC-P Desktop,D,3090,2839050,07-2839050-D2.5.19.03.07L,,,,,,,,,,,,,,,1,1,1,,,,,,,,,,,,,,,,,,,,,,,,,,,,,,,
GD,MIBs,2.5.22.1.01,,Used by NMS sw to communicate with Network devices using SNMP Protocol ,D,3385,2840073,07-2840073-D2.5.22.1.01L,,,,,1,,,,,1,1,1,,,,,,,,,,,,,,,,,,,,,,,,,,,,,,,,,,,,
GD,WINT_NetStatusService,2.5.22.3.02,,Provide status and simple configuration of CI's communication devices,D,3398,2842046,07-2842046-D2.5.22.3.02L,,,,,,,,,1,,,,,,,,,,,,,,,,,,,,,,,,,,,,,,,,,,,,,,,
GD,WINT_RemoteServiceProvider,2.5.22.02.01,,Provide the NetStatus Manager access to the battery monitoring system service and shutdown service ,D,3728,2846830,07-2846830-D2.5.22.02.01L,,,,,,,,,1,,,,,,,,,,,,,,,,,,,,,,,,,,,,,,,,,,,,,,,
GD,WINT_Troubleshooting,2.5.21.01.00,,GUI to access CI based Troubleshooting Help System,D,3418,2842347,07-2842347-D2.5.21.01.00L,,,,,,,,,,1,1,1,,,1,1,1,,,,,,,,,,,,,,,,,,,,,,,,,,,,,,,
GD,WINT_WAN_Planning,2.5.21.02.02,,"Allows the user to design a WIN-T network and generate communication goals, configurations, and cutsheets to help standup a network.",D,2180,2817052,07-2817052-D2.5.21.02.02L,,,,,1,,,,,,,,,,,,,,,,,,,,,,,,,,,,,,,,,,,,,,,,,,,
GDC4S,UPS Configuration Tool,5.1,,"Tool to configure UPS for TCN, NOSC and User Access Case",D,3393,2841159,07-2841159-D5.1L,,,,,,,,,,,,,,,,,,,,1,,,,,,,,,,,,,,,,,,,,,,,,,,,,
GDSATCOM ,M20 Gen III SOTM Gui ,4.1.5 ,,GUI to configure M20 GEN III antenna,V,3004,2828916,07-2828916-V4.1.5 LRCQ,,,,1,,,,,,,,,,,,,,1,1,,,,,,,,,,,,,,,,,,,,,,,,,,,,,
GDSATCOM ,M20 Gen IV SOTM Gui (app.jar),8.0.8,,GUI to configure M20 GEN IV antenna,V,3870,US00202397,US00202397-V8.0.4LRCQ,,,,1,,,,,,,,,,,,,,1,1,,,,,,,,,,,,,,,,,,,,,,,,,,,,,
GitHub,Posh-SSH,2.0.2,,Powershell and secure shell environment included in GD RVPS Bundle,F,3743,2846905,07-2846905-F2.0.2ELS,,,,,,,,,,,,,,,,,,,,,,,,,,,,,,,,,1,1,,,,,,,,,,,,,,
GitHub,Posh-SSH,3.0.0,,Powershell and secure shell environment included in GD RVPS Bundle,F,3743,2846905,07-2846905-F3.0.0ELS,,,,,,,,,,,,,,,,,,1,1,,,,,,,,,,,,,,1,1,,,,,,,,,,,,,,
Google,GSON,2.3.1,,"Tool to work with JSON formatted files used by WAN_Monitoring, WAN_Planning, RemoteServiceProvider NMS Bundle",F,3806,2849878,07-2849878-F2.3.1ELS,,,,,1,,,,1,,,,,,,,,,,,,,,,,,,,,,,,,,,,,,,,,,,,,,,
GOTS,CHIMERA,1.0.2,,Remotely manage and control  HAIPE encryption devices (uses SQLite),G,3880,2902401,07-2902401-G1.0.2C,,1,,,,,,,,,,,,,,,,,,,,,,,,,,,,,,,,,,,,,,,,,,,,,,
GOTS,MS SQL Server Standard  (64 Bit),2012 SP4,Background Support,Relational database server,G,3694,2846286,07-2846286-G2012 SP4C,,,,,,,,,,,,,,,,,,,,,,,,,,,,,,,,,,,,,,,,,,,,,,,,
GOTS,MS SQL Server Standard  (64 Bit),2016 SP2-CU16,Background Support,Relational database server,G,3694,2846286,07-2846286-G2016 SP2-CU16C,,,,,,,,,,,,,,,,,,,,,,,,,,,,,,,,,,,,,,,,,,,,,,,,
GOTS,Tier 3 Download Utility,1.1,,Download the encrypted key to a SIPRnet terminal ,G,1982,2825958,07-2825958-G1.1C,,,,,,,,,,,1,,,,,,,,,,,,,,,,,,,,,,,,,,,,,,,,,,,,,
GOTS  (AGM),DoD InstallRoot PKE,5.5,Information Assurance (IA),PKE Install Root ,G,3696,2846287,07-2846287-G5.5C,,1,1,1,1,,,,,1,1,1,,,1,1,1,1,1,,,,,,,,,,,,,,1,1,,,,,,,,,,,,,,
GOTS  (AGM),MS Office 2016 AGM,2.0.4,Utility,"Office suite of desktop applications, servers and services ",G,3856,US00202398,US00202398-G2.0.4C,,1,1,1,1,,,,,1,1,1,,,1,1,1,1,1,,,,,,,,,,,,,,,,,,,,,,,,,,,,,
GOTS (DISA),DoD PKE CRLAutoCache (NIPR/SIPR),4.2,,Certificate Revocation List (CRL) Auto Cache,G,3744,2846906,07-2846906-G4.2C,,,,,,,,,,,,,,,,,,,,,,,,,,,,,,,,,1,1,,,,,,,,,,,,,,
GOTS (DISA),Microsoft NetBanner,2.1.161,,Indicates Enclave,G,3758,2847104,07-2847104-G2.1.161C,,1,1,1,1,1,,,,1,1,1,,,1,1,1,1,1,,,,,,,,,,,,,,1,1,,,,,,,,,,,,,,
GOTS (DISA/Tenable),Nessus ,10.2.0,,Engine that performs security scan on a computer,G,3315,2840061,07-2840061-G10.2.0C,,,,,,,,,,,,,,,,,,,,,,,,,,,1,,,,,,,,1,,,,,,,,,,,,,
GOTS (DISA/Tenable),SecurityCenter,5.19 (Patch SC-202206.1-5.x),,Center that schedules scans and collects  results from Nessus engine,G,3314,2840060,07-2840060-G5.19 (Patch SC-202206.1-5.x)C,,,,,,,,,,,,,,,,,,,,,,,,,,,,,,,,,,,1,,,,,,,,,,,,,
GOTS (MITRE),Kibana,0.8.2,Information Assurance (IA),Log viewer,G,,,,,,,,,,,,,,,,,,,,,,,,,,,,1,,,,,,,,,,,,,,,,,,,,,,,
GOTS (MITRE),Elasticsearch,0.8.2,Information Assurance (IA),Log collection,G,,,,,,,,,,,,,,,,,,,,,,,,,,1,,,,,,,,,,,,,,,,,,,,,,,,,
GOTS (MITRE),Logstash,0.8.2,Information Assurance (IA),Log parser,G,,,,,,,,,,,,,,,,,,,,,,,,,,,,1,,,,,,,,,,,,,,,,,,,,,,,
GOTS (MITRE),Beats,0.8.2,Information Assurance (IA),Log collection agent,G,,,,,,,,,,,,,,,,,,,,,,,,,,,1,,,,,,,,,,,,,,,,,,,,,,,,
GOTS (MITRE),Endgame,0.8.2,Information Assurance (IA),Endpoint security,G,,,,,,,,,,,,,,,,,,,,,,,,,1,,,,,,,,,,,,,,,,,,,,,,,,,,
GOTS (PacStar),IQ-Core Client,5.1.14.376,Network Management,Access the IQ-Core Server,G,,,,,1,1,,,,,,,1,1,1,,,1,1,1,,,,,,,,,,,,,,,,,,,,,,,,,,,,,,,
GOTS (PacStar),IQ-Core Server,5.1.14.376,Network Management,Manage/monitor node devices and software,G,,,,,,,,,,,,,,,,1,1,,,,,,,,,,,,,,,,,,,,,,,,,,,,,,,,,,
GOTS (REACTR),Windows 10 Enterprise LTSC,1809,,Operating System,G,3857,US00202399,US00202399-G1809C,,1,1,1,1,,,,,1,1,1,,,1,1,1,1,1,,,,,,,,,,,,,,,,,,,,,,,,,,,,,
GOTS (REACTR),Windows 2019 Datacenter,10.0.17763,,Operating System,G,3845,2901781,07-2901781-G10.0.17763C,,,,,,1,,,,,,,1,1,,,,,,,,,,,,,,,,,,,1,1,,,,,,,,,,,,,,
GOTS (REDCOM),Sigma Core,3.1.2,,IP telephony call-processing system (CMX),G,3881,2902402,07-2902402-G3.1.2C,,,,,,,,,,,,,,,,,,,,,1,,,,,,,,,,,,,,,,,,,,,,,,,,,
GOTS (REDCOM),Sigma Secure Client (Softphone ),5.1.5,,HIB Softphone,G,3883,2902404,07-2902404-G5.1.5C,,1,1,,,,,,,,1,1,,,1,1,1,,,,,,,,,,,,,,,,,,,,,,,,,,,,,,,
GOTS (TN),Sigma Core Provisioning Tool (SPT),4.2.0,,SPT - Tool for Provisioning REDCOM Call Manager ,G,3882,2902403,07-2902403-G4.2.0C,,,,,,,,,,,,,,,,,,,,1,,,,,,,,,,,,,,,,,,,,,,,,,,,,
GOTS (TNIC) ,CIT,1.5,,Configuration Initialization Tool used to update TNIC baseline configuration files with unit specific IA settings so they can be loaded into Unit network devices.,G,3756,2847100,07-2847100-G1.5C,,,,,,,,,,,,,,,,,,,,1,,,,,,,,,,,,,,,,,,,,,,,,,,,,
Intalio Inc.,Castor,0.9.7,, Framework that provides Java-to-XML binding used by WAN_Planning  NMS Bundle,F,5026,2849397,07-2849397-F0.9.7ELS,,,,,1,,,,,,,,,,,,,,,,,,,,,,,,,,,,,,,,,,,,,,,,,,,
IntelliPower UPS Megatec Netility,Netility,4.5,,Supports Datapath Maxview software  ,V,,2902412,07-2902412-V4.5LRCQ,,,,1,,,,,,,,,,,,,,,,,,,,,,,,,,,,,,,,,,,,,,,,,,,,
ireasoning.com,iReasoning,5.0.5,,SNMP MIB Browser,V,2009,2825962,07-2825962-V5.0.5LRCQ,,,,,,,,,1,,,,,,,,,,,,,,,,,,,,,,,,,,,,,,,,,,,,,,,
Oracle,Java,1.8.0_0221,,Supports Datapath Maxview software  ,V,,2902413,07-2902413-V1.8.0_0221LRCQ,,,,1,,,,,,,,,,,,,,,,,,,,,,,,,,,,,,,,,,,,,,,,,,,,
Jidesoft.com,JIDE Common,3.6.14,,Java Swing based GUI framework used to implement GUI tables and GUI trees for WAN_Planning and WAN_Monitoring NMS Bundles,F,2189,2826045,07-2826045-F3.6.14ELS,,,,,1,,,,,,,,,,,,,,,,,,,,,,,,,,,,,,,,,,,,,,,,,,,
jounin.net,tftpd32,3.35,,file transfer included with  tera term tools folder ,F,3858,US00202400,US00202400-F3.35ELS,,,,,,,,,,,,,,,,,,,,1,,,,,,,,,,,,,,,,,,,,,,,,,,,,
Jquery.com,Jquery,2.2.3,,User Interface  Functionality included in MS RPS Sw Bundle,F,3745,2846907,07-2846907-F2.2.3ELS,,,,,,,,,,,,,,,,,,,,,,,,,,,,,,,,,1,1,,,,,,,,,,,,,,
Jquery.com,Jquery,3.1.0,,User Interface  Functionality included in MS RPS Sw Bundle,F,3745,2846907,07-2846907-F3.1.0ELS,,,,,,,,,,,,,,,,,,,,,,,,,,,,,,,,,1,1,,,,,,,,,,,,,,
Knockoutjs.com,KnockoutJS,3.4.2,,User Interface  Functionality included in MS RPS Sw Bundle,F,3746,2846908,07-2846908-F3.4.2ELS,,,,,,,,,,,,,,,,,,,,,,,,,,,,,,,,,1,1,,,,,,,,,,,,,,
L3 Modem Maintenance Software,HCI,2.3.6.0,Nodal Management,Management Software for the MPM modem,V,3007,2828918,07-2828918-V2.3.6.0LRCQ,,,,1,,,,,,,,,,,,,,1,1,,,,,,,,,,,,,,,,,,,,,,,,,,,,,
Maven,SwingX,1.6.5-1,,Provides extensions to the Java Swing GUI toolkit,F,2195,2826046,07-2826046-F1.6.5-1ELS,,,,,1,,,,,,,,,,,,,,,,,,,,,,,,,,,,,,,,,,,,,,,,,,,
Microsoft,.NET,4.6.2,,"Programming framework that supports building, deploying and running applications and XML Web services",G,3310,2840984,07-2840984-G4.6.2C,,1,1,,,,,,,1,1,1,1,1,1,1,1,,,,,,,,,,,,,,,,,,,,,,,,,,,,,,,
Microsoft,.NET,4.8,,"Programming framework that supports building, deploying and running applications and XML Web services",G,3310,2840984,07-2840984-G4.8C,,,,,,,,,,,,,,,,,,,,,,,,,,,,,,,,,,,,,,,,,,,,,,,,
Microsoft,Access Database Engine,2010 SP2,,Used to support Runbooks,G,3711,2846484,07-2846484-G2010 SP2C,,,,,,,,,,,,,,,,,,,,,,,,,,,,,,,,,1,1,,,,,,,,,,,,,,
Microsoft,ContentStore,2.5.22.3.48,,RPS Provisioning and Organic Patching,G,3889,,,,,,,,,,,,,,,,,,,,1,,,,,,,,,,,,,,,1,1,,,,,,,,,,,,,,
Microsoft,ASP .NET Core,5.0.15.22116,,RPS Provisioning Dependency,F,,,,,,,,,,,,,,,,,,,,,1,1,,,,,,,,,,,,,,,,,,,,,,,,,,,,,
Microsoft,Deployment Tools,8.100.26366,,Deployment tools feature of MS Windows ADK provides a utility for creating an ISO (installer with ADKInstall Tool),F,3821,2900326,07-2900326-F(01)ELS,(01),,,,,,,,,,,,,,,,,,,1,,,,,,,,,,,,,,,,,,,,,,,,,,,,
Microsoft,DSC for Linux,2.1.1-0,,Support Microsoft RPS,F,3885,,,,,,,,,,,1,,,,,,,,,,,,,1,1,1,1,,,,,,,,,,,,,,,,,,,,,,,
Microsoft,Edge,104.0.1293.54,,Internet browser,F,,,,,1,1,1,1,1,,,,1,1,1,,,1,1,1,1,1,,,,,,,,,,,,,,1,1,,,,,,,,,,,,,,
Microsoft,Entity Framework,6.3.0,,Object-relational mapper (O/RM) for .NET included in GD RVPS Bundle,F,3817,2900323,07-2900323-F6.3.0ELS,,,,,,,,,,,,,,,,,,,,,,,,,,,,,,,,,1,1,,,,,,,,,,,,,,
Microsoft,Hyper-V Manager,10.0.17763.1,,Provides management access to virtual platforms,G,,,,,,,,,,,,,,,,,,,,,1,,,,,,,,,,,,,,,,,,,,,,,,,,,,,,
Microsoft,IIS,8.5,,Internet Information Service,G,3108,2839143,07-2839143-G8.5C,,,,,,,,,,,,,,,,,,,,,,,,,,,,,,,,,1,1,,,,,,,,,,,,,,
Microsoft,LPE,1.22.0728.1142 ,,RPS Provisioning Utility,G,,,,,,,,,,,,,,,,,,,,,1,1,,,,,,,,,,,,,,,,,,,,,,,,,,,,,
Microsoft,OMI,1.6.8-0,,OMI (Open Management Infrastructure) to support Microsoft RPS,F,3886,,,,,,,,,,1,1,,,,,,,,,,,,,,,,,,,,,,,,,,,,,,,,,,,,,,,
Microsoft,OMI PSRP Server   ,1.4.2-2,,OMI Powershell Remoting Protocol (PSRP) server to support Microsoft RPS,F,3887,,,,,,,,,,1,1,,,,,,,,,,,,,,,,,,,,,,,,,,,,,,,,,,,,,,,
Microsoft,Powershell,5.1,,Task automation and configuration management framework consisting of command-line shell and associated scripting language built on the .NET framework,F,3313,2839324,07-2839324-F5.1ELS,,1,1,1,1,1,,,,1,1,1,,,1,1,1,1,1,,,,,,,,,,,,,,1,1,,,,,,,,,,,,,,
Microsoft,Powershell,7.1.3,,Task automation and configuration management framework consisting of command-line shell and associated scripting language built on the .NET framework to support Microsoft RPS,F,3313,2839324,07-2839324-F7.1.3ELS,,,,,,,,1,1,,,,,,,,,,,,,1,1,1,1,,,,,,,,1,1,,,,,,,,,,,,,,
Microsoft ,PowerSTIG,4.12.1,,Hardening configuration,G,3876,US00202401,US00202401-G4.4C,,1,1,1,1,1,,1,1,1,1,1,,,1,1,1,1,1,,,,,,,,,,,,,,1,1,,,,,,,,,,,,,,
Microsoft,RDT,1.22.0718.1243,,RPS Provisioning ,G,,,,,,,,,,,,,,,,,,,,,1,1,,,,,,,,,,,,,,1,1,,,,,,,,,,,,,,
M+112:119icrosoft,Report Viewer 2012,11.1.3452.0,,A package that includes Windows Forms and ASP.Net Web server controls  to  enable applications that run on the .NET Framework to display reports.,F,3759,2847105,07-2847105-F(01)ELS,(01),,,,,,,1,,,,,,,,,,,,,,,,,,,,,,,,,1,1,,,,,,,,,,,,,,
Microsoft,RPS Core,4.0.1,,RPS Provisioning,G,3890,,,,,,,,,,,,,,,,,,,,,,,,,,,,,,,,,,,1,1,,,,,,,,,,,,,,
Microsoft,RPS Provisioning Service,1.0.0.0,,Service for RPS Provisioning,G,,,,,,,,,,,,,,,,,,,,,1,1,,,,,,,,,,,,,,1,1,,,,,,,,,,,,,,
Microsoft,Sidewinder,1.0.0,,Tool to load a patch stream.,G,,,,,,,,,,,1,,,,,,,,,,,,1,,,,,,,,,,,,,,,,,,,,,,,,,,,,
Microsoft,RPS Task Management Service,1.0.0.0,,Service for RPS Task Management,G,,,,,,,,,,,,,,,,,,,,,1,1,,,,,,,,,,,,,,1,1,,,,,,,,,,,,,,
Microsoft,Thundercat,1.3.0,,,G,,,,,,,,,,,,,,,,,,,,,,,,,,,,,,,,,,,,1,1,,,,,,,,,,,,,,
Microsoft,VISIO Pro,2013 SP1,,Diagramming tool ,G,2191,2826032,07-2826032-G2013 SP1C,,,,,,,,,,,,,,,,,,,,,,,,,,,,,,,,,,,,,,,,,,,,,,,,
Microsoft,Visual C++ 2005 Redistributable,8.0.61001,,,,,,,,,,,,,,,,,,,,,1,1,1,,,,,,,,,,,,,,,,,,,,,,,,,,,,,,,
Microsoft,Visual C++ 2005 SP1 Redist(x64),8.0.56336,,,,,,,,,,,,,,,,,,,,,,,,,,,,,,,,,,,,,,,,,,,,,,,,,,,,,,
Microsoft,Visual C++ 2005 SP1 Redist(x86),8.0.56336,,,,,,,,,,,,,,,,,,,,,,,,,,,,,,,,,,,,,,,,,,,,,,,,,,,,,,
Microsoft,Visual C++ 2012 Redist(x64),11.0.61030.0,,,,,,,,,,,,,,,,1,1,1,,,,,,,,,,,,,,,,,,,,,,,,,,,,,,,,,,,,
Microsoft,Visual C++ 2012 Redist(x86),11.0.61030.0,,,,,,,,,,,,,,,,1,1,1,,,,,,,,,,,,,,,,,,,,,,,,,,,,,,,,,,,,
Microsoft,Visual C++ 2013 Redist(x64),12.0.21005.1,,,,,,,,,,,,,,,,,,,,,,,,,,,,,,,,,,,,,,,,,,,,,,,,,,,,,,
Microsoft,Visual C++ 2013 Redist(x64),12.0.40660.0,,,,,,,,,,,,,,,,1,1,1,,,1,1,1,,,,,,,,,,,,,,,,,,,,,,,,,,,,,,,
Microsoft,Visual C++ 2013 Redist(x86),12.0.21005.1,,,,,,,,,,,,,,,,,,,,,,,,,,,,,,,,,,,,,,,,,,,,,,,,,,,,,,
Microsoft,Visual C++ 2015-2019 Redist(x64),14.27.29016,,,,,,,,,,,,1,,,,,,,,,,,,,,,,,,,,,,,,,,,1,1,,,,,,,,,,,,,,
Microsoft,Visual C++ 2015-2019 Redist(x64),14.30.30704,,,,,,,,,,,,,,,,,,,1,1,,,,,,,,,,,,,,,,,,,,,,,,,,,,,,,,,,
Microsoft,Visual C++ 2015-2019 Redist(x86),14.27.29016,,,,,,,,,,,,1,,,,,,,,,,,,,,,,,,,,,,,,,,,1,1,,,,,,,,,,,,,,
Microsoft,WEB Grease,1.6.5.135.21930,,"Tools for optimizing javascript, css files and images included in MS RPS Sw Bundle",F,3749,2846911,07-2846911-F1.6.5.135.21930ELS,,,,,,,,,,,,,,,,,,,,,,,,,,,,,,,,,1,1,,,,,,,,,,,,,,
Microsoft,Windows Desktop Runtime,5.0.15.31016,,RPS Provisioning Dependency,F,,,,,,,,,,,,,,,,,,,,,1,1,,,,,,,,,,,,,,1,1,,,,,,,,,,,,,,
Mozilla,Firefox ESR ,91.13.0,,Web browser,F,3871,US00202402,US00202402-F68.5.0ELS,,1,1,1,,,,,,,,,,,1,1,1,1,1,,,,,,,,1,,,,,,,,1,,,,,,,,,,,,,
NASA,Worldwind,2.1,,Mapping toolkit provides access to maps ,G,5241,2841127,07-2841127-G2.1C,,,,,1,,,,,,,,,,,,,,,,,,,,,,,,,,,,,,,,,,,,,,,,,,,
National Geophysical Data Center (NOAA),Magnetic Declination,677,,Toolkit that computes the main components of the geomagnetic field and their annual changes. Used by WAN_Planning NMS  Bundle,G,5029,2849398,07-2849398-G677C,,,,,1,,,,,,,,,,,,,,,,,,,,,,,,,,,,,,,,,,,,,,,,,,,
Netapp,OnCommand,3.1.2.6399,,Centralized tool to manage NetApp Storage systems,F,3099,2839326,07-2839326-F3.1.2.6399ELS,,1,1,1,,,,,,1,1,1,,,,,,1,1,,,,,,,,,,,,,,,,,,,,,,,,,,,,,
Newtonsoft,Json.NET,12.0.2,,User Interface  Messaging included in MS RPS Sw Bundle,F,3750,2846912,07-2846912-F12.0.2ELS,,,,,,,,,,,,,,,,,,,,,,,,,,,,,,,,,1,1,,,,,,,,,,,,,,
notepad-plus-plus.org,Notepad++,6.9.1,,Source code editor,F,3008,2828919,07-2828919-F6.9.1ELS,,,,1,,,,,,,,,,,,,,1,1,,,,,,,,,,,,,,,,,,,,,,,,,,,,,
OpenSSH,OpenSSH,5.3-p1,Utility,provides encrypted comm sessions over network ,F,2038,2817114,07-2817114-F5.3-p1ELS,,,,,,,,,,,,,,,,,,,,,,,,,,,1,,,,,,,,1,,,,,,,,,,,,,
OpenSSH,OpenSSH,7.4-p1,Utility,provides encrypted comm sessions over network ,F,2038,2817114,07-2817114-F7.4-p1ELS,,,,,,,,,1,,,,,,,,,,,,,,,,,,,,,,,,,,,,,,,,,,,,,,,
OpenSSH,OpenSSH,8.1p1-1,Utility,provides encrypted comm sessions over network ,F,2038,2817114,07-2817114-F8.1p1-1ELS,,1,1,1,1,,,,,1,1,1,,,,,,1,1,,,,,,,,,,,,,,,,,,,,,,,,,,,,,
Palo Alto ,Panorama ,10.17.1,Information Assurance (IA),Manager for the Palo Alto Firewalls  ,G,3714,2846480,07-2846480-G10.17.1C,,,,,,,,,,,,,,,,,,,,,,,,,,,,,,,,1,,,,,,,,,,,,,,,,
Palo Alto ,Next Generation Virtual Firewall (PanOS),10.17.1,Information Assurance (IA),"virtualized IPS, Anti-virus, application protection",G,3715,2846481,07-2846481-G10.17.1C,,,,,,,,,,,,,,,,,,,,,,,,,,,,,,1,1,,,,,,,,,,,,,,,,,
Palo Alto ,Next Gen Virtual Firewall License,VM-100,,license for Next Generation Virtual Firewall ,G,3872,US00202403,US00202403-GVM-100C,,,,,,,,,,,,,,,,,,,,,,,,,,,,,,,1,,,,,,,,,,,,,,,,,
Palo Alto ,Next Gen Virtual Firewall License,VM-300,,license for Next Generation Virtual Firewall ,G,3872,US00202403,US00202403-GVM-300C,,,,,,,,,,,,,,,,,,,,,,,,,,,,,,1,,,,,,,,,,,,,,,,,,
Perl.org,Perl,5.8.0,,Scripting language used by NMS  Credential Scripts on ENG and MON,F,5017,2849884,07-2849884-F5.8.0ELS,,,,,1,,,,,,,,,,,,,,,,,,,,,,,,,,,,,,,,,,,,,,,,,,,
PostgreSQL,PostgreSQL,12.10,,Open source object-relational database used with RPS,F,,,,,,,,,,,,,,,,,,,,,,,,,,,,,,,,,,,,1,1,,,,,,,,,,,,,,
Simon Tatham,PuTTy,0.77,Utility,PuTTY is used to make an SSH connection to your server,F,2016,2817085,07-2817085-F0.77ELS,,1,1,1,1,,,,,1,1,1,1,1,1,1,1,1,1,,,,,,,,,,,,,,1,,,,,,,,,,,,,,,
CentOS,CentOS (64 Bit),7.90,,Community Enterprise Linux Operating System,F,3888,,,,,,,,,,,1,,,,,,,,,,,,,1,1,1,1,,,,,,,,,,1,,,,,,,,,,,,,
Red Hat,Linux Enterprise Server (64 Bit),7.7,,Operating System,G,3782,2848137,07-2848137-G7.7C,,,,,,,,,,,,,,,,,,,,,,,,,,,,,,,,,,,,,,,,,,,,,,,,
openjdk.org,OpenJDK (64 Bit),8u342,,Java Development kit,F,3766,2847133,,,,,,,,,,,,,,,,,,,,,,,,,,,,1,,,,,,,,1,,,,,,,,,,,,,
Red Hat,open-vm-tools ,10.3.10-2,,Performance enhancement utility for virtual machines running Linux.,F,3760,2847107,07-2847107-F10.3.10-2ELS,,,,,,,,,1,,,,,,,,,,,,,,,,,,,,,,,,,,,,,,,,,,,,,,,
RF Linx,Tunable Antennafier,1.3,Nodal Management,Digitally tunable bi-directional amplifier for wireless LAN,V,2018,2825947,07-2825947-V1.3LRCQ,,,,,,,,,,,,,,,,,,,,1,,,,,,,,,,,,,,,,,,,,,,,,,,,,
Riverbed,Performance Enhancing Proxy (PEP),9.14.1,Nodal Management,TCP accelerator,G,5073,2839394,07-2839394-G9.14.1C,,,,,,,1,,,,,,,,,,,,,,,,,,,,,,,,,,,,,,,,,,,,,,,,,
Riverbed ,WinPcap,4.1.3,,Provide link-layer network access in Windows environment;installed by Solarwinds NPM or Nessus,G,3541,2844419,07-2844419-G4.1.3C,,,,,,,,1,,,,,,,,,,,,,,,,,,,,,,,,,,,,,,,,,,,,,,,,
Riverbed,Win10Pcap ,10.2.5002,,Provide link-layer network access in Windows environment;required for wireshark and UPS Configuration Tool,G,3754,2847102,07-2847102-G10.2.5002C,,,,1,,,,,,,,,,,,,,1,1,,,,,,,,,,,,,,,,,,,,,,,,,,,,,
rxtx.org,RxTx,2.1,,A Java library,F,2019,2824948,07-2824948-F2.1ELS,,,,,,,,1,,,,,,,,,,,,,,,,,,,,,,,,,,,,,,,,,,,,,,,,
SEC,SEC SIT Tool ,4QFY22 2.5.22.4,,SEC/MT Patch Tagging,D,,,,,1,1,1,1,1,,,1,1,1,1,,,1,1,1,1,1,,,,,,,,,,,,,,1,1,1,,,,,,,,,,,,,
Sencha,EXT JS,5.1.3,,Java script libraries used by NMS_Monitoring NMS Bundle,F,1505,2828943,07-2828943-F5.1.3ELS,,,,,,,,,,,,,,,,,,,,,,,,,,,,,,,,,,,,,,,,,,,,,,,,
Signal Hound Spike,Spike,3.1.14.3,,Supports Datapath Maxview software  ,V,,2902414,07-2902414-V3.1.14.3LRCQ,,,,1,,,,,,,,,,,,,,,,,,,,,,,,,,,,,,,,,,,,,,,,,,,,
SolarWinds Software,SolarWinds Desktop Toolset,v2020.2.6 HF2,Nodal Management,"Desktop management, monitoring, and troubleshooting tools",G,,,,,,,1,,,,,,1,1,1,,,,,,1,1,,,,,,,,,,,,,,,,,,,,,,,,,,,,,
SolarWinds Software,SolarWinds Engineer's Toolset,2.5.22.3.00,Nodal Management,"Desktop management, monitoring, and troubleshooting tools",G,2020,2817095,07-2817095-G2.5.22.3.00C,,,,1,,,,,,1,1,1,,,,,,1,1,,,,,,,,,,,,,,,,,,,,,,,,,,,,,
SolarWinds Software,Netflow Traffic Analyzer,V2020.2.6,Nodal Management,Converts network raw numbers into easy-to-interpret charts and tables,G,1545,2826036,07-2826036-GV2020.2.6C,,,,,,,,1,,,,,,,,,,,,,,,,,,,,,,,,,,,,,,,,,,,,,,,,
SolarWinds Software,Solarwinds Network Configuration Manager ENT  DL500,7.7,Nodal Management,"Automate network config, increase availability, save time, improve security, and ensures policy adherence.",G,2198,2826033,07-2826033-G7.7C,,,,,,,,,,,,,,,,,,,,,,,,,,,,,,,,,,,,,,,,,,,,,,,,
SolarWinds Software,Solarwinds Network Configuration Manager ENT Unlimited V2 DLX,7.7,Nodal Management,"Automate network config, increase availability, save time, improve security, and ensures policy adherence.",G,2199,2826034,07-2826034-G7.7C,,,,,,,,,,,,,,,,,,,,,,,,,,,,,,,,,,,,,,,,,,,,,,,,
SolarWinds Software,Solarwinds Orion Network Performance Monitor (NPM),V2020.2.6 HF3,Nodal Management,"Monitoring, collecting, and analyzing network data",G,1557,2826035,07-2826035-GV2020.2.6 HF3C,,,,,,,,,,,,,,,,,,,,,,,,,,,,,,,,,,,,,,,,,,,,,,,,
SolarWinds Software,SFTP/SCP Server,2.2.0.120,,To securely upload/download executable images  configurations for routers and switches.  Included with Engineer's Toolset,F,3645,2844813,07-2844813-F2.2.0.120ELS,,,,1,,,,,,1,1,1,,,,,,1,1,,,,,,,,,,,,,,,,,,,,,,,,,,,,,
SolarWinds Software,SFTP/SCP Server,1.1.0.16,,To securely upload/download executable images  configurations for routers and switches.  Included with NCM and VNQM,F,3645,2844813,07-2844813-F1.1.0.16ELS,,,,,,,,,,,,,,,,,,,,,,,,,,,,,,,,,,,,,,,,,,,,,,,,
SolarWinds Software,TFTP Server,11.2.0,,To upload/download executable images and back up configs for routers and switches.,F,2193,2826041,07-2826041-F11.2.0ELS,,,,1,,,,,,1,1,1,,,,,,1,1,,,,,,,,,,,,,,,,,,,,,,,,,,,,,
SolarWinds Software,VoIP and Network Quality Manager (VNQM),4.4.1,,Voice over IP and communication logging,G,3204,2839282,07-2839282-G4.4.1C,,,,,,,,,,,,,,,,,,,,,,,,,,,,,,,,,,,,,,,,,,,,,,,,
SolarWinds License Keys,VLI1,NOV2021,,Volume License Installer application,G,,,,,,,,,,,,,,,,,,,,,,,,,,,,,,,,,,,,,,,,,,,,,,,,,,,
SolarWinds License Keys,VLI2,NOV2021,,Volume License Installer application,G,,,,,,,,,,,,,,,,,,,,,,,,,,,,,,,,,,,,,,,,,,,,,,,,,,,
SolarWinds License Keys,VLI3,NOV2021,,Volume License Installer application,G,,,,,,,,,,,,,,,,,,,,,,,,,,,,,,,,,,,,,,,,,,,,,,,,,,,
SolarWinds License Keys,VLI4,NOV2021,,Volume License Installer application,G,,,,,,,1,,,,,,1,1,1,,,,,,1,1,,,,,,,,,,,,,,,,,,,,,,,,,,,,,
Sourceforge,Java Excel API,2.6.8,,Java Excel API (Jxl) is a widely used API for working with Excel worksheets used by WAN_Planning NMS bundle and WINT_NetDefGenerator tool.,F,1507,2828945,07-2828945-F2.6.8ELS,,,,,1,,,,,,,,,,,,,,,1,,,,,,,,,,,,,,,,,,,,,,,,,,,,
Sourceforge,Jdiff,1.2.1,,Java tool to report changes between two releases ,F,2021,2825966,07-2825966-F1.2.1ELS,,,,,,,,,,,,,,,,,,,,,,,,,,,,,,,,,,,,,,,,,,,,,,,,
Sourceforge,JFreeChart,1.0.11,,GUI toolkit used to create interactive and non-interactive charts for WAN_Planning and WAN_Monitoring NMS Bundles,F,1509,2828947,07-2828947-F1.0.11ELS,,,,,1,,,,,,,,,,,,,,,,,,,,,,,,,,,,,,,,,,,,,,,,,,,
Sourceforge,JHotDraw,5.2,,GUI framework used to display graphics for  WAN_Planning NMS  Bundle,F,3792,2849399,07-2849399-F5.2ELS,,,,,1,,,,,,,,,,,,,,,,,,,,,,,,,,,,,,,,,,,,,,,,,,,
Sourceforge,Sblim Cim Client  ,2-2.2.5,,A library that provides a JSR48 compliant implementation of a WBEM services client that includes an IETF RFC 2614 complliant SLP client for CIM service discovery used by NetStatusService NMS bundle.,F,3809,2849885,07-2849885-F2-2.2.5ELS,,,,,,,,,1,,,,,,,,,,,,,,,,,,,,,,,,,,,,,,,,,,,,,,,
Sourceforge,Tera Term,4.105,,A terminal emulator (communications) program,F,3009,2834059,07-2834059-F4.105ELS,,,,1,,,,,,,,,,,,,,1,1,1,,,,,,,,,,,,,,,,,,,,,,,,,,,,
SSHTools,J2SSH Maverick,1.7.35,,Allow SSH compatibility on the Java platform; used by NMS_Monitoring and NetStatusService NMS bundles,V,3794,2817018,07-2817018-V1.7.35LRCQ,,,,,,,,,1,,,,,,,,,,,,,,,,,,,,,,,,,,,,,,,,,,,,,,,
US Army,SECRenderer,Beta 1.0.0,,Symbology renderer used by WAN_Planning and WAN_Monitoring NMS Bundles,G,5253,2841128,07-2841128-GBeta 1.0.0C,,,,,1,,,,,,,,,,,,,,,,,,,,,,,,,,,,,,,,,,,,,,,,,,,
VMware,VMWare Tools,12.0.6-20104755,,Performance enhancement utility,G,3103,2839145,07-2839145-G12.0.6-20104755C,,,,,,1,,,,,,,1,1,,,,,,,,,,,,,,,,,,,1,1,,,,,,,,,,,,,,
Vmware ,VMWare VIX,5.1.2.1422937,,,G,,,,,,,,,,,,,,,,,,,,,1,1,,,,,,,,,,,,,,,,,,,,,,,,,,,,,
VMware,vSphere CLI,6.0.0.7357,,Command Line Interface used to configure the host and operate its virtual machines,G,3104,2839167,07-2839167-G6.0.0.7357C,,1,1,1,,,,,,1,1,1,,,,,1,1,1,,,,,,,,,,,,,,1,1,,,,,,,,,,,,,,
VMware,"vSphere Enterprise Plus 7.0 (Hypervisor)
(ESXi)",7.0U3g,,Policy-based datacenter automation with proactive operations management,G,3722,2825973,07-2825973-G7.0U3gC,,,,,,,,,,,,,,,,,,,,,,,,,,1,,,,,,,,,,,,,,,,,,,,,,
VMware,vSphere PowerCLI,12.3,,Command line interface tool  for automating vSphere management,G,2034,2839326,07-2839326-G12.3C,,,,1,,,,,,,,,,,,,,1,1,,,,,,,,,,,,,,,,,,,,,,,,,,,,,
VMware,vSphere PowerCLI,6.5.0.4624819,,Command line interface tool  for automating vSphere management,G,2034,2839326,07-2839326-G6.5.0.4624819C,,1,1,,,,,,,,,,,,,,,,,,,,,,,,,,,,,,1,1,,,,,,,,,,,,,,
winmerge.org,WinMerge,2.14.0,,Tool for file comparison and merging text-like files,F,3012,2828922,07-2828922-F2.14.0ELS,,,,,,,,,,,,,,,,,,1,1,,,,,,,,,,,,,,,,,,,,,,,,,,,,,
WinSCP,WinSCP,5.21.2,,SFTP/FTP client for Windows for secure file transfer,F,3013,2828923,07-2828923-F5.21.2ELS,,,,,,,,,,,,,,,,,,1,1,,,,,,,,,,,,,,,,,,,,,,,,,,,,,
wireshark.org,Network Analyzer,3.6.2,,Network protocol analyzer,F,3014,2828924,07-2828924-F3.6.2ELS,,,,,,,,,,,,,,,,,,1,1,,,,,,,,,,,,,,,,,,,,,,,,,,,,,
yWorks,yFiles Complete Bundle,2.13,,"Analyze, visualize, edit, or automatically draw graphs, diagrams, or networks",V,2037,2825959,07-2825959-V2.13LRCQ,,,,,1,,,,,,,,,,,,,,,,,,,,,,,,,,,,,,,,,,,,,,,,,,,
yWorks,yWorks HTML,1.1.1.6,,"Analyze, visualize or automatically draw graphs, diagrams or networks within a Javascript web environment ",V,5089,2839494,07-2839494-V1.1.1.6LRCQ,,,,,,,,,,,,,,,,,,,,,,,,,,,,,,,,,,,,,,,,,,,,,,,,
(GD),OE Software Bundle,2023Q1_B01,Network Management/ Monitoring,Used for creating WIN-T Operating Environment (OE) ,D,2012,2817069,07-2817069-D2023Q1_B01L,,,,,1,,,,,,,,,,,,,,,,,,,,,,,,,,,,,,,,,,,,,,,,,,,
(OE) 3sp,J2SSH Maverick ,1.7.4,,Allows SSH compatibility on the Java platform,V,1490,2828926,07-2828926-V1.7.4LRCQ,,,,,1,,,,,,,,,,,,,,,,,,,,,,,,,,,,,,,,,,,,,,,,,,,
(OE) Apache,Ant,1.9.5,,Build Tool,F,1494,2828930,07-2828930-F1.9.5ELS,,,,,1,,,,,,,,,,,,,,,,,,,,,,,,,,,,,,,,,,,,,,,,,,,
(OE) Apache,Axis2,1.6.0,,Web Service Engine,F,1491,2828927,07-2828927-F1.6.0ELS,,,,,1,,,,,,,,,,,,,,,,,,,,,,,,,,,,,,,,,,,,,,,,,,,
(OE) Apache,Log4j,1.2.17,,Logging Framework,F,1495,2828931,07-2828931-F1.2.17ELS,,,,,1,,,,,,,,,,,,,,,,,,,,,,,,,,,,,,,,,,,,,,,,,,,
(OE) Apache,Muse,2.3.2,,Framework that implements WS-Addressing / Forwarding used by LM messaging code,F,1496,2828932,07-2828932-F2.3.2ELS,,,,,1,,,,,,,,,,,,,,,,,,,,,,,,,,,,,,,,,,,,,,,,,,,
(OE) Apache,Rampart,1.6,,security implementation for services,F,1497,2828933,07-2828933-F1.6ELS,,,,,1,,,,,,,,,,,,,,,,,,,,,,,,,,,,,,,,,,,,,,,,,,,
(OE) Apache,Xerces2,2.11.0,,A complete framework for building parser components and configurations for Java,F,1493,2828929,07-2828929-F2.11.0ELS,,,,,1,,,,,,,,,,,,,,,,,,,,,,,,,,,,,,,,,,,,,,,,,,,
(OE) Azul,Azul OpenJDK (64 bit),"1.8.0_232-b18   /
8.42.0.21-CA-win64",Runtime environment for OE Java,"Planning runs on OE, which uses this JDK/JRE",F,,,,,,,,1,,,,,,,,,,,,,,,,,,,,,,,,,,,,,,,,,,,,,,,,,,,
(OE) java.net,JAXB,2.1.7,,Java Architecture for XML Binding (JAXB) provides a fast and convenient way to bind XML schemas and Java representations,F,,,,,,,,1,,,,,,,,,,,,,,,,,,,,,,,,,,,,,,,,,,,,,,,,,,,
(OE) Microsoft,SQL Server Express,2017,Planning,Data Persistance,F,3819,2900324,07-2900324-F2017ELS,,,,,1,,,,,,,,,,,,,,,,,,,,,,,,,,,,,,,,,,,,,,,,,,,
(OE) Microsoft,SQL Server JDBC Driver,6.4.0.jre8,,Data Persistence JDBC (Java Database Connectivity) driver for SQL Server used as WAN Monitoring thick client,F,3826,2900814,07-2900814-F6.4.0.jre8ELS,,,,,1,,,,,,,,,,,,,,,,,,,,,,,,,,,,,,,,,,,,,,,,,,,
(OE) NSS,Network Security Services for Java (JSS),4.3,,Java interface to NSS,F,3080,2839166,07-2839166-F4.3ELS,,,,,1,,,,,,,,,,,,,,,,,,,,,,,,,,,,,,,,,,,,,,,,,,,
(OE) NSPR,Netscape Portable Runtime (NSPR),4.8,,Supports OE encryption/decryption functionality and Java security policy,F,,,,,,,,1,,,,,,,,,,,,,,,,,,,,,,,,,,,,,,,,,,,,,,,,,,,
(OE) NSS,Network Security Services (NSS),3.12.4,,Supports OE encryption/decryption functionality and Java security policy,F,,,,,,,,1,,,,,,,,,,,,,,,,,,,,,,,,,,,,,,,,,,,,,,,,,,,
(OE) Red Hat,JBOSS Enterprise Application Platform (EAP),6.4.4,Background Support,Application Server,G,2971,2828940,07-2828940-G6.4.4C,,,,,1,,,,,,,,,,,,,,,,,,,,,,,,,,,,,,,,,,,,,,,,,,,
(OE) RedHat,JBOSS HornetQ,2.3.25.Final,Background Support,,,,,,,,,,1,,,,,,,,,,,,,,,,,,,,,,,,,,,,,,,,,,,,,,,,,,,
(OE) RedHat,Drools Business Rules Management System (BRMS),6.5.0,Planning,Supports satellite and voice services planning functions within WAN Planning application,F,,,,,,,,1,,,,,,,,,,,,,,,,,,,,,,,,,,,,,,,,,,,,,,,,,,,
(OE) Sourceforge,Docx4j,3.2.1,,Java library for creating and manipulating Microsoft open XML files.,F,3718,2846486,07-2846486-F3.2.1ELS,,,,,1,,,,,,,,,,,,,,,,,,,,,,,,,,,,,,,,,,,,,,,,,,,
(OE) Sourceforge,Dom4j,2.0.0-RC1,,XML parser for Java,F,1503,2828942,07-2828942-F(01)ELS,(01),,,,1,,,,,,,,,,,,,,,,,,,,,,,,,,,,,,,,,,,,,,,,,,,
(OE) Sourceforge,EHCache,2.10.2,,Cache used by the resource lifecycle manager,F,1504,2826084,07-2826084-F2.10.2ELS,,,,,1,,,,,,,,,,,,,,,,,,,,,,,,,,,,,,,,,,,,,,,,,,,
(OE) spring.io,Spring Framework,4.1.7,,Java application integration framework,F,1498,2825955,07-2825955-F4.1.7ELS,,,,,1,,,,,1,1,1,,,,,,,,,,,,,,,,,,,,,,,,,,,,,,,,,,,,
(OE) Bouncy Castle,Bouncy Castle,1.51,,Encryption library for Java,F,3724,2846634,07-2846634-F1.51ELS,,,,,1,,,,,1,1,1,,,,,,,,,,,,,,,,,,,,,,,,,,,,,,,,,,,,
(OE) Red Hat,Hibernate,3.3.1GA,,Database wrapper (Delivered within Spring Framework),F,1511,2828949,07-2828949-F3.3.1GAELS,,,,,1,,,,,1,1,1,,,,,,,,,,,,,,,,,,,,,,,,,,,,,,,,,,,,
(NMS) RedHat,Hibernate Tools,3.2.0GA,Planning,Supports database access from within WAN Planning application,F,,,,,,,,1,,,,,,,,,,,,,,,,,,,,,,,,,,,,,,,,,,,,,,,,,,,
(OE) TIBCO Software Inc,JasperReports,6.1.0,,Java reporting tool that can write to a variety of targets and can be used in Java-enabled applications,F,5044,2839149,07-2839149-F6.1.0ELS,,,,,1,,,,,,,,,,,,,,,,,,,,,,,,,,,,,,,,,,,,,,,,,,,
(OE) Eclipse Foundation,Jetty,9.3.0,,Light weight servlet engine,F,1508,2828946,07-2828946-F9.3.0ELS,,,,,1,,,,,,,,,,,,,,,,,,,,,,,,,,,,,,,,,,,,,,,,,,,
(OE) Forgerock,OpenDJ,2.6.2,,LDAP directory server and Directory Service Markup Language (DSMLv2) compliant Directory service,F,5040,2839150,07-2839150-F2.6.2ELS,,,,,1,,,,,,,,,,,,,,,,,,,,,,,,,,,,,,,,,,,,,,,,,,,
(OE) OpenSSL,OpenSSL,1.0.2t,,a toolkit implementing SSL v2/v3 and TLS protocols with full-strength cryptography,F,3458,2843893,07-2843893-F1.0.2tELS,,,,,1,,,1,1,,,,,,,,,,,,,,,,,,,,,,,,,,,,,,,,,,,,,,,
(OE) Quartz-Scheduler.org,Quartz,1.6.4,,Job scheduling library that can be integrated into a variety of Java Applications,F,1521,2828959,07-2828959-F1.6.4ELS,,,,,1,,,,,,,,,,,,,,,,,,,,,,,,,,,,,,,,,,,,,,,,,,,
(OE) BEA Systems Inc.,Stax,1.2.0,,Streaming API for XML - API to read and write XML documents,F,1523,2828961,07-2828961-F1.2.0ELS,,,,,1,,,,,,,,,,,,,,,,,,,,,,,,,,,,,,,,,,,,,,,,,,,
(OE) xom.nu,XOM,1.2.5,,XML Object Model - a tree based API for XML data files,F,1522,2828960,07-2828960-F1.2.5ELS,,,,,1,,,,,,,,,,,,,,,,,,,,,,,,,,,,,,,,,,,,,,,,,,,
(OE) saxon.sourceforge.net,XSLT 2.0 Processor (Saxon),9.7,,Transformation framework,F,1519,2828957,07-2828957-F9.7ELS,,,,,1,,,,,,,,,,,,,,,,,,,,,,,,,,,,,,,,,,,,,,,,,,,
(OE) wso2.com,WSO2 Identity Server,3.0.1,,Identity and entitlement management server that connects and manages multiple identities,F,5041,2839395,07-2839395-F3.0.1ELS,,,,,1,,,,,,,,,,,,,,,,,,,,,,,,,,,,,,,,,,,,,,,,,,,
,,,,,,,,,,,,,,,,,,,,,,,,,,,,,,,,,,,,,,,,,,,,,,,,,,,,,,,,
,,,,,,,,,,,,,,,,,,,,,,,,,,,,,,,,,,,,,,,,,,,,,,,,,,,,,,,,
,,,,,,,,,,,,,,,,,,,,,,,,,,,,,,,,,,,,,,,,,,,,,,,,,,,,,,,,
COLOR KEY,,,,,,,,,,,,,,,,,,,,,,,,,,,,,,,,,,,,,,,,,,,,,,,,,,,,,,,,
"Item has been deleted from BOM, the item will be removed from the next version of the BOM.",,,,,,,,,,,,,,,,,,,,,,,,,,,,,,,,,,,,,,,,,,,,,,,,,,,,,,,,
Item has been updated since last baseline,,,,,,,,,,,,,,,,,,,,,,,,,,,,,,,,,,,,,,,,,,,,,,,,,,,,,,,,
Indicates documentation error ,,,,,,,,,,,,,,,,,,,,,,,,,,,,,,,,,,,,,,,,,,,,,,,,,,,,,,,,
Not delivered for 1Q20 but in Sw Deployment ,,,,,,,,,,,,,,,,,,,,,,,,,,,,,,,,,,,,,,,,,,,,,,,,,,,,,,,,
License Obtained by Unit not delivered on PDSS release Drive,,,,,,,,,,,,,,,,,,,,,,,,,,,,,,,,,,,,,,,,,,,,,,,,,,,,,,,,
Item has been merged,,,,,,,,,,,,,,,,,,,,,,,,,,,,,,,,,,,,,,,,,,,,,,,,,,,,,,,,
OE Software Bundle,,,,,,,,,,,,,,,,,,,,,,,,,,,,,,,,,,,,,,,,,,,,,,,,,,,,,,,,
,,,,,,,,,,,,,,,,,,,,,,,,,,,,,,,,,,,,,,,,,,,,,,,,,,,,,,,,
,,,,,,,,,,,,,,,,,,,,,,,,,,,,,,,,,,,,,,,,,,,,,,,,,,,,,,,,
,,,,,,,,,,,,,,,,,,,,,,,,,,,,,,,,,,,,,,,,,,,,,,,,,,,,,,,,
,,,,,,,,,,,,,,,,,,,,,,,,,,,,,,,,,,,,,,,,,,,,,,,,,,,,,,,,
,,,,,,,,,,,,,,,,,,,,,,,,,,,,,,,,,,,,,,,,,,,,,,,,,,,,,,,,
,,,,,,,,,,,,,,,,,,,,,,,,,,,,,,,,,,,,,,,,,,,,,,,,,,,,,,,,
,,,,,,,,,,,,,,,,,,,,,,,,,,,,,,,,,,,,,,,,,,,,,,,,,,,,,,,,
,,,,,,,,,,,,,,,,,,,,,,,,,,,,,,,,,,,,,,,,,,,,,,,,,,,,,,,,
,,,,,,,,,,,,,,,,,,,,,,,,,,,,,,,,,,,,,,,,,,,,,,,,,,,,,,,,
,,,,,,,,,,,,,,,,,,,,,,,,,,,,,,,,,,,,,,,,,,,,,,,,,,,,,,,,
,,,,,,,,,,,,,,,,,,,,,,,,,,,,,,,,,,,,,,,,,,,,,,,,,,,,,,,,
,,,,,,,,,,,,,,,,,,,,,,,,,,,,,,,,,,,,,,,,,,,,,,,,,,,,,,,,
,,,,,,,,,,,,,,,,,,,,,,,,,,,,,,,,,,,,,,,,,,,,,,,,,,,,,,,,
,,,,,,,,,,,,,,,,,,,,,,,,,,,,,,,,,,,,,,,,,,,,,,,,,,,,,,,,
,,,,,,,,,,,,,,,,,,,,,,,,,,,,,,,,,,,,,,,,,,,,,,,,,,,,,,,,
,,,,,,,,,,,,,,,,,,,,,,,,,,,,,,,,,,,,,,,,,,,,,,,,,,,,,,,,
,,,,,,,,,,,,,,,,,,,,,,,,,,,,,,,,,,,,,,,,,,,,,,,,,,,,,,,,
,,,,,,,,,,,,,,,,,,,,,,,,,,,,,,,,,,,,,,,,,,,,,,,,,,,,,,,,
,,,,,,,,,,,,,,,,,,,,,,,,,,,,,,,,,,,,,,,,,,,,,,,,,,,,,,,,
,,,,,,,,,,,,,,,,,,,,,,,,,,,,,,,,,,,,,,,,,,,,,,,,,,,,,,,,
,,,,,,,,,,,,,,,,,,,,,,,,,,,,,,,,,,,,,,,,,,,,,,,,,,,,,,,,
,,,,,,,,,,,,,,,,,,,,,,,,,,,,,,,,,,,,,,,,,,,,,,,,,,,,,,,,
,,,,,,,,,,,,,,,,,,,,,,,,,,,,,,,,,,,,,,,,,,,,,,,,,,,,,,,,
,,,,,,,,,,,,,,,,,,,,,,,,,,,,,,,,,,,,,,,,,,,,,,,,,,,,,,,,
,,,,,,,,,,,,,,,,,,,,,,,,,,,,,,,,,,,,,,,,,,,,,,,,,,,,,,,,
,,,,,,,,,,,,,,,,,,,,,,,,,,,,,,,,,,,,,,,,,,,,,,,,,,,,,,,,
,,,,,,,,,,,,,,,,,,,,,,,,,,,,,,,,,,,,,,,,,,,,,,,,,,,,,,,,
,,,,,,,,,,,,,,,,,,,,,,,,,,,,,,,,,,,,,,,,,,,,,,,,,,,,,,,,
,,,,,,,,,,,,,,,,,,,,,,,,,,,,,,,,,,,,,,,,,,,,,,,,,,,,,,,,
,,,,,,,,,,,,,,,,,,,,,,,,,,,,,,,,,,,,,,,,,,,,,,,,,,,,,,,,
,,,,,,,,,,,,,,,,,,,,,,,,,,,,,,,,,,,,,,,,,,,,,,,,,,,,,,,,
,,,,,,,,,,,,,,,,,,,,,,,,,,,,,,,,,,,,,,,,,,,,,,,,,,,,,,,,
,,,,,,,,,,,,,,,,,,,,,,,,,,,,,,,,,,,,,,,,,,,,,,,,,,,,,,,,
,,,,,,,,,,,,,,,,,,,,,,,,,,,,,,,,,,,,,,,,,,,,,,,,,,,,,,,,
,,,,,,,,,,,,,,,,,,,,,,,,,,,,,,,,,,,,,,,,,,,,,,,,,,,,,,,,
,,,,,,,,,,,,,,,,,,,,,,,,,,,,,,,,,,,,,,,,,,,,,,,,,,,,,,,,
,,,,,,,,,,,,,,,,,,,,,,,,,,,,,,,,,,,,,,,,,,,,,,,,,,,,,,,,
,,,,,,,,,,,,,,,,,,,,,,,,,,,,,,,,,,,,,,,,,,,,,,,,,,,,,,,,
,,,,,,,,,,,,,,,,,,,,,,,,,,,,,,,,,,,,,,,,,,,,,,,,,,,,,,,,
,,,,,,,,,,,,,,,,,,,,,,,,,,,,,,,,,,,,,,,,,,,,,,,,,,,,,,,,
,,,,,,,,,,,,,,,,,,,,,,,,,,,,,,,,,,,,,,,,,,,,,,,,,,,,,,,,
,,,,,,,,,,,,,,,,,,,,,,,,,,,,,,,,,,,,,,,,,,,,,,,,,,,,,,,,
,,,,,,,,,,,,,,,,,,,,,,,,,,,,,,,,,,,,,,,,,,,,,,,,,,,,,,,,
,,,,,,,,,,,,,,,,,,,,,,,,,,,,,,,,,,,,,,,,,,,,,,,,,,,,,,,,
,,,,,,,,,,,,,,,,,,,,,,,,,,,,,,,,,,,,,,,,,,,,,,,,,,,,,,,,
,,,,,,,,,,,,,,,,,,,,,,,,,,,,,,,,,,,,,,,,,,,,,,,,,,,,,,,,
,,,,,,,,,,,,,,,,,,,,,,,,,,,,,,,,,,,,,,,,,,,,,,,,,,,,,,,,
,,,,,,,,,,,,,,,,,,,,,,,,,,,,,,,,,,,,,,,,,,,,,,,,,,,,,,,,
,,,,,,,,,,,,,,,,,,,,,,,,,,,,,,,,,,,,,,,,,,,,,,,,,,,,,,,,
,,,,,,,,,,,,,,,,,,,,,,,,,,,,,,,,,,,,,,,,,,,,,,,,,,,,,,,,
,,,,,,,,,,,,,,,,,,,,,,,,,,,,,,,,,,,,,,,,,,,,,,,,,,,,,,,,
,,,,,,,,,,,,,,,,,,,,,,,,,,,,,,,,,,,,,,,,,,,,,,,,,,,,,,,,
,,,,,,,,,,,,,,,,,,,,,,,,,,,,,,,,,,,,,,,,,,,,,,,,,,,,,,,,
,,,,,,,,,,,,,,,,,,,,,,,,,,,,,,,,,,,,,,,,,,,,,,,,,,,,,,,,
,,,,,,,,,,,,,,,,,,,,,,,,,,,,,,,,,,,,,,,,,,,,,,,,,,,,,,,,
,,,,,,,,,,,,,,,,,,,,,,,,,,,,,,,,,,,,,,,,,,,,,,,,,,,,,,,,
,,,,,,,,,,,,,,,,,,,,,,,,,,,,,,,,,,,,,,,,,,,,,,,,,,,,,,,,
,,,,,,,,,,,,,,,,,,,,,,,,,,,,,,,,,,,,,,,,,,,,,,,,,,,,,,,,
,,,,,,,,,,,,,,,,,,,,,,,,,,,,,,,,,,,,,,,,,,,,,,,,,,,,,,,,
,,,,,,,,,,,,,,,,,,,,,,,,,,,,,,,,,,,,,,,,,,,,,,,,,,,,,,,,
,,,,,,,,,,,,,,,,,,,,,,,,,,,,,,,,,,,,,,,,,,,,,,,,,,,,,,,,
,,,,,,,,,,,,,,,,,,,,,,,,,,,,,,,,,,,,,,,,,,,,,,,,,,,,,,,,
,,,,,,,,,,,,,,,,,,,,,,,,,,,,,,,,,,,,,,,,,,,,,,,,,,,,,,,,
,,,,,,,,,,,,,,,,,,,,,,,,,,,,,,,,,,,,,,,,,,,,,,,,,,,,,,,,
,,,,,,,,,,,,,,,,,,,,,,,,,,,,,,,,,,,,,,,,,,,,,,,,,,,,,,,,
,,,,,,,,,,,,,,,,,,,,,,,,,,,,,,,,,,,,,,,,,,,,,,,,,,,,,,,,
,,,,,,,,,,,,,,,,,,,,,,,,,,,,,,,,,,,,,,,,,,,,,,,,,,,,,,,,
,,,,,,,,,,,,,,,,,,,,,,,,,,,,,,,,,,,,,,,,,,,,,,,,,,,,,,,,
,,,,,,,,,,,,,,,,,,,,,,,,,,,,,,,,,,,,,,,,,,,,,,,,,,,,,,,,
,,,,,,,,,,,,,,,,,,,,,,,,,,,,,,,,,,,,,,,,,,,,,,,,,,,,,,,,
,,,,,,,,,,,,,,,,,,,,,,,,,,,,,,,,,,,,,,,,,,,,,,,,,,,,,,,,
,,,,,,,,,,,,,,,,,,,,,,,,,,,,,,,,,,,,,,,,,,,,,,,,,,,,,,,,
,,,,,,,,,,,,,,,,,,,,,,,,,,,,,,,,,,,,,,,,,,,,,,,,,,,,,,,,
,,,,,,,,,,,,,,,,,,,,,,,,,,,,,,,,,,,,,,,,,,,,,,,,,,,,,,,,
,,,,,,,,,,,,,,,,,,,,,,,,,,,,,,,,,,,,,,,,,,,,,,,,,,,,,,,,
,,,,,,,,,,,,,,,,,,,,,,,,,,,,,,,,,,,,,,,,,,,,,,,,,,,,,,,,
,,,,,,,,,,,,,,,,,,,,,,,,,,,,,,,,,,,,,,,,,,,,,,,,,,,,,,,,
,,,,,,,,,,,,,,,,,,,,,,,,,,,,,,,,,,,,,,,,,,,,,,,,,,,,,,,,
,,,,,,,,,,,,,,,,,,,,,,,,,,,,,,,,,,,,,,,,,,,,,,,,,,,,,,,,
,,,,,,,,,,,,,,,,,,,,,,,,,,,,,,,,,,,,,,,,,,,,,,,,,,,,,,,,
,,,,,,,,,,,,,,,,,,,,,,,,,,,,,,,,,,,,,,,,,,,,,,,,,,,,,,,,
,,,,,,,,,,,,,,,,,,,,,,,,,,,,,,,,,,,,,,,,,,,,,,,,,,,,,,,,
,,,,,,,,,,,,,,,,,,,,,,,,,,,,,,,,,,,,,,,,,,,,,,,,,,,,,,,,
,,,,,,,,,,,,,,,,,,,,,,,,,,,,,,,,,,,,,,,,,,,,,,,,,,,,,,,,
,,,,,,,,,,,,,,,,,,,,,,,,,,,,,,,,,,,,,,,,,,,,,,,,,,,,,,,,
,,,,,,,,,,,,,,,,,,,,,,,,,,,,,,,,,,,,,,,,,,,,,,,,,,,,,,,,
,,,,,,,,,,,,,,,,,,,,,,,,,,,,,,,,,,,,,,,,,,,,,,,,,,,,,,,,
,,,,,,,,,,,,,,,,,,,,,,,,,,,,,,,,,,,,,,,,,,,,,,,,,,,,,,,,
,,,,,,,,,,,,,,,,,,,,,,,,,,,,,,,,,,,,,,,,,,,,,,,,,,,,,,,,
,,,,,,,,,,,,,,,,,,,,,,,,,,,,,,,,,,,,,,,,,,,,,,,,,,,,,,,,
,,,,,,,,,,,,,,,,,,,,,,,,,,,,,,,,,,,,,,,,,,,,,,,,,,,,,,,,
,,,,,,,,,,,,,,,,,,,,,,,,,,,,,,,,,,,,,,,,,,,,,,,,,,,,,,,,
,,,,,,,,,,,,,,,,,,,,,,,,,,,,,,,,,,,,,,,,,,,,,,,,,,,,,,,,
,,,,,,,,,,,,,,,,,,,,,,,,,,,,,,,,,,,,,,,,,,,,,,,,,,,,,,,,
,,,,,,,,,,,,,,,,,,,,,,,,,,,,,,,,,,,,,,,,,,,,,,,,,,,,,,,,
,,,,,,,,,,,,,,,,,,,,,,,,,,,,,,,,,,,,,,,,,,,,,,,,,,,,,,,,
,,,,,,,,,,,,,,,,,,,,,,,,,,,,,,,,,,,,,,,,,,,,,,,,,,,,,,,,
,,,,,,,,,,,,,,,,,,,,,,,,,,,,,,,,,,,,,,,,,,,,,,,,,,,,,,,,
,,,,,,,,,,,,,,,,,,,,,,,,,,,,,,,,,,,,,,,,,,,,,,,,,,,,,,,,
,,,,,,,,,,,,,,,,,,,,,,,,,,,,,,,,,,,,,,,,,,,,,,,,,,,,,,,,
,,,,,,,,,,,,,,,,,,,,,,,,,,,,,,,,,,,,,,,,,,,,,,,,,,,,,,,,
,,,,,,,,,,,,,,,,,,,,,,,,,,,,,,,,,,,,,,,,,,,,,,,,,,,,,,,,
,,,,,,,,,,,,,,,,,,,,,,,,,,,,,,,,,,,,,,,,,,,,,,,,,,,,,,,,
,,,,,,,,,,,,,,,,,,,,,,,,,,,,,,,,,,,,,,,,,,,,,,,,,,,,,,,,
,,,,,,,,,,,,,,,,,,,,,,,,,,,,,,,,,,,,,,,,,,,,,,,,,,,,,,,,
,,,,,,,,,,,,,,,,,,,,,,,,,,,,,,,,,,,,,,,,,,,,,,,,,,,,,,,,
,,,,,,,,,,,,,,,,,,,,,,,,,,,,,,,,,,,,,,,,,,,,,,,,,,,,,,,,
,,,,,,,,,,,,,,,,,,,,,,,,,,,,,,,,,,,,,,,,,,,,,,,,,,,,,,,,
,,,,,,,,,,,,,,,,,,,,,,,,,,,,,,,,,,,,,,,,,,,,,,,,,,,,,,,,
,,,,,,,,,,,,,,,,,,,,,,,,,,,,,,,,,,,,,,,,,,,,,,,,,,,,,,,,
,,,,,,,,,,,,,,,,,,,,,,,,,,,,,,,,,,,,,,,,,,,,,,,,,,,,,,,,
,,,,,,,,,,,,,,,,,,,,,,,,,,,,,,,,,,,,,,,,,,,,,,,,,,,,,,,,
,,,,,,,,,,,,,,,,,,,,,,,,,,,,,,,,,,,,,,,,,,,,,,,,,,,,,,,,
,,,,,,,,,,,,,,,,,,,,,,,,,,,,,,,,,,,,,,,,,,,,,,,,,,,,,,,,
,,,,,,,,,,,,,,,,,,,,,,,,,,,,,,,,,,,,,,,,,,,,,,,,,,,,,,,,
,,,,,,,,,,,,,,,,,,,,,,,,,,,,,,,,,,,,,,,,,,,,,,,,,,,,,,,,
,,,,,,,,,,,,,,,,,,,,,,,,,,,,,,,,,,,,,,,,,,,,,,,,,,,,,,,,
,,,,,,,,,,,,,,,,,,,,,,,,,,,,,,,,,,,,,,,,,,,,,,,,,,,,,,,,
,,,,,,,,,,,,,,,,,,,,,,,,,,,,,,,,,,,,,,,,,,,,,,,,,,,,,,,,
,,,,,,,,,,,,,,,,,,,,,,,,,,,,,,,,,,,,,,,,,,,,,,,,,,,,,,,,
,,,,,,,,,,,,,,,,,,,,,,,,,,,,,,,,,,,,,,,,,,,,,,,,,,,,,,,,
,,,,,,,,,,,,,,,,,,,,,,,,,,,,,,,,,,,,,,,,,,,,,,,,,,,,,,,,
,,,,,,,,,,,,,,,,,,,,,,,,,,,,,,,,,,,,,,,,,,,,,,,,,,,,,,,,
,,,,,,,,,,,,,,,,,,,,,,,,,,,,,,,,,,,,,,,,,,,,,,,,,,,,,,,,
,,,,,,,,,,,,,,,,,,,,,,,,,,,,,,,,,,,,,,,,,,,,,,,,,,,,,,,,
,,,,,,,,,,,,,,,,,,,,,,,,,,,,,,,,,,,,,,,,,,,,,,,,,,,,,,,,
,,,,,,,,,,,,,,,,,,,,,,,,,,,,,,,,,,,,,,,,,,,,,,,,,,,,,,,,
,,,,,,,,,,,,,,,,,,,,,,,,,,,,,,,,,,,,,,,,,,,,,,,,,,,,,,,,
,,,,,,,,,,,,,,,,,,,,,,,,,,,,,,,,,,,,,,,,,,,,,,,,,,,,,,,,
,,,,,,,,,,,,,,,,,,,,,,,,,,,,,,,,,,,,,,,,,,,,,,,,,,,,,,,,
,,,,,,,,,,,,,,,,,,,,,,,,,,,,,,,,,,,,,,,,,,,,,,,,,,,,,,,,
,,,,,,,,,,,,,,,,,,,,,,,,,,,,,,,,,,,,,,,,,,,,,,,,,,,,,,,,
,,,,,,,,,,,,,,,,,,,,,,,,,,,,,,,,,,,,,,,,,,,,,,,,,,,,,,,,
,,,,,,,,,,,,,,,,,,,,,,,,,,,,,,,,,,,,,,,,,,,,,,,,,,,,,,,,
,,,,,,,,,,,,,,,,,,,,,,,,,,,,,,,,,,,,,,,,,,,,,,,,,,,,,,,,
,,,,,,,,,,,,,,,,,,,,,,,,,,,,,,,,,,,,,,,,,,,,,,,,,,,,,,,,
,,,,,,,,,,,,,,,,,,,,,,,,,,,,,,,,,,,,,,,,,,,,,,,,,,,,,,,,
,,,,,,,,,,,,,,,,,,,,,,,,,,,,,,,,,,,,,,,,,,,,,,,,,,,,,,,,
,,,,,,,,,,,,,,,,,,,,,,,,,,,,,,,,,,,,,,,,,,,,,,,,,,,,,,,,
,,,,,,,,,,,,,,,,,,,,,,,,,,,,,,,,,,,,,,,,,,,,,,,,,,,,,,,,
,,,,,,,,,,,,,,,,,,,,,,,,,,,,,,,,,,,,,,,,,,,,,,,,,,,,,,,,
,,,,,,,,,,,,,,,,,,,,,,,,,,,,,,,,,,,,,,,,,,,,,,,,,,,,,,,,
,,,,,,,,,,,,,,,,,,,,,,,,,,,,,,,,,,,,,,,,,,,,,,,,,,,,,,,,
,,,,,,,,,,,,,,,,,,,,,,,,,,,,,,,,,,,,,,,,,,,,,,,,,,,,,,,,
,,,,,,,,,,,,,,,,,,,,,,,,,,,,,,,,,,,,,,,,,,,,,,,,,,,,,,,,
,,,,,,,,,,,,,,,,,,,,,,,,,,,,,,,,,,,,,,,,,,,,,,,,,,,,,,,,
,,,,,,,,,,,,,,,,,,,,,,,,,,,,,,,,,,,,,,,,,,,,,,,,,,,,,,,,
,,,,,,,,,,,,,,,,,,,,,,,,,,,,,,,,,,,,,,,,,,,,,,,,,,,,,,,,
,,,,,,,,,,,,,,,,,,,,,,,,,,,,,,,,,,,,,,,,,,,,,,,,,,,,,,,,
,,,,,,,,,,,,,,,,,,,,,,,,,,,,,,,,,,,,,,,,,,,,,,,,,,,,,,,,
,,,,,,,,,,,,,,,,,,,,,,,,,,,,,,,,,,,,,,,,,,,,,,,,,,,,,,,,
,,,,,,,,,,,,,,,,,,,,,,,,,,,,,,,,,,,,,,,,,,,,,,,,,,,,,,,,
,,,,,,,,,,,,,,,,,,,,,,,,,,,,,,,,,,,,,,,,,,,,,,,,,,,,,,,,
,,,,,,,,,,,,,,,,,,,,,,,,,,,,,,,,,,,,,,,,,,,,,,,,,,,,,,,,
,,,,,,,,,,,,,,,,,,,,,,,,,,,,,,,,,,,,,,,,,,,,,,,,,,,,,,,,
,,,,,,,,,,,,,,,,,,,,,,,,,,,,,,,,,,,,,,,,,,,,,,,,,,,,,,,,
,,,,,,,,,,,,,,,,,,,,,,,,,,,,,,,,,,,,,,,,,,,,,,,,,,,,,,,,
,,,,,,,,,,,,,,,,,,,,,,,,,,,,,,,,,,,,,,,,,,,,,,,,,,,,,,,,
,,,,,,,,,,,,,,,,,,,,,,,,,,,,,,,,,,,,,,,,,,,,,,,,,,,,,,,,
,,,,,,,,,,,,,,,,,,,,,,,,,,,,,,,,,,,,,,,,,,,,,,,,,,,,,,,,
,,,,,,,,,,,,,,,,,,,,,,,,,,,,,,,,,,,,,,,,,,,,,,,,,,,,,,,,
,,,,,,,,,,,,,,,,,,,,,,,,,,,,,,,,,,,,,,,,,,,,,,,,,,,,,,,,
,,,,,,,,,,,,,,,,,,,,,,,,,,,,,,,,,,,,,,,,,,,,,,,,,,,,,,,,
,,,,,,,,,,,,,,,,,,,,,,,,,,,,,,,,,,,,,,,,,,,,,,,,,,,,,,,,
,,,,,,,,,,,,,,,,,,,,,,,,,,,,,,,,,,,,,,,,,,,,,,,,,,,,,,,,
,,,,,,,,,,,,,,,,,,,,,,,,,,,,,,,,,,,,,,,,,,,,,,,,,,,,,,,,
,,,,,,,,,,,,,,,,,,,,,,,,,,,,,,,,,,,,,,,,,,,,,,,,,,,,,,,,
,,,,,,,,,,,,,,,,,,,,,,,,,,,,,,,,,,,,,,,,,,,,,,,,,,,,,,,,
,,,,,,,,,,,,,,,,,,,,,,,,,,,,,,,,,,,,,,,,,,,,,,,,,,,,,,,,
,,,,,,,,,,,,,,,,,,,,,,,,,,,,,,,,,,,,,,,,,,,,,,,,,,,,,,,,
,,,,,,,,,,,,,,,,,,,,,,,,,,,,,,,,,,,,,,,,,,,,,,,,,,,,,,,,
,,,,,,,,,,,,,,,,,,,,,,,,,,,,,,,,,,,,,,,,,,,,,,,,,,,,,,,,
,,,,,,,,,,,,,,,,,,,,,,,,,,,,,,,,,,,,,,,,,,,,,,,,,,,,,,,,
,,,,,,,,,,,,,,,,,,,,,,,,,,,,,,,,,,,,,,,,,,,,,,,,,,,,,,,,
,,,,,,,,,,,,,,,,,,,,,,,,,,,,,,,,,,,,,,,,,,,,,,,,,,,,,,,,
,,,,,,,,,,,,,,,,,,,,,,,,,,,,,,,,,,,,,,,,,,,,,,,,,,,,,,,,
,,,,,,,,,,,,,,,,,,,,,,,,,,,,,,,,,,,,,,,,,,,,,,,,,,,,,,,,
,,,,,,,,,,,,,,,,,,,,,,,,,,,,,,,,,,,,,,,,,,,,,,,,,,,,,,,,
,,,,,,,,,,,,,,,,,,,,,,,,,,,,,,,,,,,,,,,,,,,,,,,,,,,,,,,,
,,,,,,,,,,,,,,,,,,,,,,,,,,,,,,,,,,,,,,,,,,,,,,,,,,,,,,,,
,,,,,,,,,,,,,,,,,,,,,,,,,,,,,,,,,,,,,,,,,,,,,,,,,,,,,,,,
,,,,,,,,,,,,,,,,,,,,,,,,,,,,,,,,,,,,,,,,,,,,,,,,,,,,,,,,
,,,,,,,,,,,,,,,,,,,,,,,,,,,,,,,,,,,,,,,,,,,,,,,,,,,,,,,,
,,,,,,,,,,,,,,,,,,,,,,,,,,,,,,,,,,,,,,,,,,,,,,,,,,,,,,,,
,,,,,,,,,,,,,,,,,,,,,,,,,,,,,,,,,,,,,,,,,,,,,,,,,,,,,,,,
,,,,,,,,,,,,,,,,,,,,,,,,,,,,,,,,,,,,,,,,,,,,,,,,,,,,,,,,
,,,,,,,,,,,,,,,,,,,,,,,,,,,,,,,,,,,,,,,,,,,,,,,,,,,,,,,,
,,,,,,,,,,,,,,,,,,,,,,,,,,,,,,,,,,,,,,,,,,,,,,,,,,,,,,,,
,,,,,,,,,,,,,,,,,,,,,,,,,,,,,,,,,,,,,,,,,,,,,,,,,,,,,,,,
,,,,,,,,,,,,,,,,,,,,,,,,,,,,,,,,,,,,,,,,,,,,,,,,,,,,,,,,
,,,,,,,,,,,,,,,,,,,,,,,,,,,,,,,,,,,,,,,,,,,,,,,,,,,,,,,,
,,,,,,,,,,,,,,,,,,,,,,,,,,,,,,,,,,,,,,,,,,,,,,,,,,,,,,,,
,,,,,,,,,,,,,,,,,,,,,,,,,,,,,,,,,,,,,,,,,,,,,,,,,,,,,,,,
,,,,,,,,,,,,,,,,,,,,,,,,,,,,,,,,,,,,,,,,,,,,,,,,,,,,,,,,
,,,,,,,,,,,,,,,,,,,,,,,,,,,,,,,,,,,,,,,,,,,,,,,,,,,,,,,,
,,,,,,,,,,,,,,,,,,,,,,,,,,,,,,,,,,,,,,,,,,,,,,,,,,,,,,,,
,,,,,,,,,,,,,,,,,,,,,,,,,,,,,,,,,,,,,,,,,,,,,,,,,,,,,,,,
,,,,,,,,,,,,,,,,,,,,,,,,,,,,,,,,,,,,,,,,,,,,,,,,,,,,,,,,
,,,,,,,,,,,,,,,,,,,,,,,,,,,,,,,,,,,,,,,,,,,,,,,,,,,,,,,,
,,,,,,,,,,,,,,,,,,,,,,,,,,,,,,,,,,,,,,,,,,,,,,,,,,,,,,,,
,,,,,,,,,,,,,,,,,,,,,,,,,,,,,,,,,,,,,,,,,,,,,,,,,,,,,,,,
,,,,,,,,,,,,,,,,,,,,,,,,,,,,,,,,,,,,,,,,,,,,,,,,,,,,,,,,
,,,,,,,,,,,,,,,,,,,,,,,,,,,,,,,,,,,,,,,,,,,,,,,,,,,,,,,,
,,,,,,,,,,,,,,,,,,,,,,,,,,,,,,,,,,,,,,,,,,,,,,,,,,,,,,,,
,,,,,,,,,,,,,,,,,,,,,,,,,,,,,,,,,,,,,,,,,,,,,,,,,,,,,,,,
,,,,,,,,,,,,,,,,,,,,,,,,,,,,,,,,,,,,,,,,,,,,,,,,,,,,,,,,
,,,,,,,,,,,,,,,,,,,,,,,,,,,,,,,,,,,,,,,,,,,,,,,,,,,,,,,,
,,,,,,,,,,,,,,,,,,,,,,,,,,,,,,,,,,,,,,,,,,,,,,,,,,,,,,,,
,,,,,,,,,,,,,,,,,,,,,,,,,,,,,,,,,,,,,,,,,,,,,,,,,,,,,,,,
,,,,,,,,,,,,,,,,,,,,,,,,,,,,,,,,,,,,,,,,,,,,,,,,,,,,,,,,
,,,,,,,,,,,,,,,,,,,,,,,,,,,,,,,,,,,,,,,,,,,,,,,,,,,,,,,,
,,,,,,,,,,,,,,,,,,,,,,,,,,,,,,,,,,,,,,,,,,,,,,,,,,,,,,,,
,,,,,,,,,,,,,,,,,,,,,,,,,,,,,,,,,,,,,,,,,,,,,,,,,,,,,,,,
,,,,,,,,,,,,,,,,,,,,,,,,,,,,,,,,,,,,,,,,,,,,,,,,,,,,,,,,
,,,,,,,,,,,,,,,,,,,,,,,,,,,,,,,,,,,,,,,,,,,,,,,,,,,,,,,,
,,,,,,,,,,,,,,,,,,,,,,,,,,,,,,,,,,,,,,,,,,,,,,,,,,,,,,,,
,,,,,,,,,,,,,,,,,,,,,,,,,,,,,,,,,,,,,,,,,,,,,,,,,,,,,,,,
,,,,,,,,,,,,,,,,,,,,,,,,,,,,,,,,,,,,,,,,,,,,,,,,,,,,,,,,
,,,,,,,,,,,,,,,,,,,,,,,,,,,,,,,,,,,,,,,,,,,,,,,,,,,,,,,,
,,,,,,,,,,,,,,,,,,,,,,,,,,,,,,,,,,,,,,,,,,,,,,,,,,,,,,,,
,,,,,,,,,,,,,,,,,,,,,,,,,,,,,,,,,,,,,,,,,,,,,,,,,,,,,,,,
,,,,,,,,,,,,,,,,,,,,,,,,,,,,,,,,,,,,,,,,,,,,,,,,,,,,,,,,
,,,,,,,,,,,,,,,,,,,,,,,,,,,,,,,,,,,,,,,,,,,,,,,,,,,,,,,,
,,,,,,,,,,,,,,,,,,,,,,,,,,,,,,,,,,,,,,,,,,,,,,,,,,,,,,,,
,,,,,,,,,,,,,,,,,,,,,,,,,,,,,,,,,,,,,,,,,,,,,,,,,,,,,,,,
,,,,,,,,,,,,,,,,,,,,,,,,,,,,,,,,,,,,,,,,,,,,,,,,,,,,,,,,
,,,,,,,,,,,,,,,,,,,,,,,,,,,,,,,,,,,,,,,,,,,,,,,,,,,,,,,,
,,,,,,,,,,,,,,,,,,,,,,,,,,,,,,,,,,,,,,,,,,,,,,,,,,,,,,,,
,,,,,,,,,,,,,,,,,,,,,,,,,,,,,,,,,,,,,,,,,,,,,,,,,,,,,,,,
,,,,,,,,,,,,,,,,,,,,,,,,,,,,,,,,,,,,,,,,,,,,,,,,,,,,,,,,
,,,,,,,,,,,,,,,,,,,,,,,,,,,,,,,,,,,,,,,,,,,,,,,,,,,,,,,,
,,,,,,,,,,,,,,,,,,,,,,,,,,,,,,,,,,,,,,,,,,,,,,,,,,,,,,,,
,,,,,,,,,,,,,,,,,,,,,,,,,,,,,,,,,,,,,,,,,,,,,,,,,,,,,,,,
,,,,,,,,,,,,,,,,,,,,,,,,,,,,,,,,,,,,,,,,,,,,,,,,,,,,,,,,
,,,,,,,,,,,,,,,,,,,,,,,,,,,,,,,,,,,,,,,,,,,,,,,,,,,,,,,,
,,,,,,,,,,,,,,,,,,,,,,,,,,,,,,,,,,,,,,,,,,,,,,,,,,,,,,,,
,,,,,,,,,,,,,,,,,,,,,,,,,,,,,,,,,,,,,,,,,,,,,,,,,,,,,,,,
,,,,,,,,,,,,,,,,,,,,,,,,,,,,,,,,,,,,,,,,,,,,,,,,,,,,,,,,
,,,,,,,,,,,,,,,,,,,,,,,,,,,,,,,,,,,,,,,,,,,,,,,,,,,,,,,,
,,,,,,,,,,,,,,,,,,,,,,,,,,,,,,,,,,,,,,,,,,,,,,,,,,,,,,,,
,,,,,,,,,,,,,,,,,,,,,,,,,,,,,,,,,,,,,,,,,,,,,,,,,,,,,,,,
,,,,,,,,,,,,,,,,,,,,,,,,,,,,,,,,,,,,,,,,,,,,,,,,,,,,,,,,
,,,,,,,,,,,,,,,,,,,,,,,,,,,,,,,,,,,,,,,,,,,,,,,,,,,,,,,,
,,,,,,,,,,,,,,,,,,,,,,,,,,,,,,,,,,,,,,,,,,,,,,,,,,,,,,,,
,,,,,,,,,,,,,,,,,,,,,,,,,,,,,,,,,,,,,,,,,,,,,,,,,,,,,,,,
,,,,,,,,,,,,,,,,,,,,,,,,,,,,,,,,,,,,,,,,,,,,,,,,,,,,,,,,
,,,,,,,,,,,,,,,,,,,,,,,,,,,,,,,,,,,,,,,,,,,,,,,,,,,,,,,,
,,,,,,,,,,,,,,,,,,,,,,,,,,,,,,,,,,,,,,,,,,,,,,,,,,,,,,,,
,,,,,,,,,,,,,,,,,,,,,,,,,,,,,,,,,,,,,,,,,,,,,,,,,,,,,,,,
,,,,,,,,,,,,,,,,,,,,,,,,,,,,,,,,,,,,,,,,,,,,,,,,,,,,,,,,
,,,,,,,,,,,,,,,,,,,,,,,,,,,,,,,,,,,,,,,,,,,,,,,,,,,,,,,,
,,,,,,,,,,,,,,,,,,,,,,,,,,,,,,,,,,,,,,,,,,,,,,,,,,,,,,,,
,,,,,,,,,,,,,,,,,,,,,,,,,,,,,,,,,,,,,,,,,,,,,,,,,,,,,,,,
,,,,,,,,,,,,,,,,,,,,,,,,,,,,,,,,,,,,,,,,,,,,,,,,,,,,,,,,
,,,,,,,,,,,,,,,,,,,,,,,,,,,,,,,,,,,,,,,,,,,,,,,,,,,,,,,,
,,,,,,,,,,,,,,,,,,,,,,,,,,,,,,,,,,,,,,,,,,,,,,,,,,,,,,,,
,,,,,,,,,,,,,,,,,,,,,,,,,,,,,,,,,,,,,,,,,,,,,,,,,,,,,,,,
,,,,,,,,,,,,,,,,,,,,,,,,,,,,,,,,,,,,,,,,,,,,,,,,,,,,,,,,
,,,,,,,,,,,,,,,,,,,,,,,,,,,,,,,,,,,,,,,,,,,,,,,,,,,,,,,,
,,,,,,,,,,,,,,,,,,,,,,,,,,,,,,,,,,,,,,,,,,,,,,,,,,,,,,,,
,,,,,,,,,,,,,,,,,,,,,,,,,,,,,,,,,,,,,,,,,,,,,,,,,,,,,,,,
,,,,,,,,,,,,,,,,,,,,,,,,,,,,,,,,,,,,,,,,,,,,,,,,,,,,,,,,
,,,,,,,,,,,,,,,,,,,,,,,,,,,,,,,,,,,,,,,,,,,,,,,,,,,,,,,,
,,,,,,,,,,,,,,,,,,,,,,,,,,,,,,,,,,,,,,,,,,,,,,,,,,,,,,,,
,,,,,,,,,,,,,,,,,,,,,,,,,,,,,,,,,,,,,,,,,,,,,,,,,,,,,,,,
,,,,,,,,,,,,,,,,,,,,,,,,,,,,,,,,,,,,,,,,,,,,,,,,,,,,,,,,
,,,,,,,,,,,,,,,,,,,,,,,,,,,,,,,,,,,,,,,,,,,,,,,,,,,,,,,,
,,,,,,,,,,,,,,,,,,,,,,,,,,,,,,,,,,,,,,,,,,,,,,,,,,,,,,,,
,,,,,,,,,,,,,,,,,,,,,,,,,,,,,,,,,,,,,,,,,,,,,,,,,,,,,,,,
,,,,,,,,,,,,,,,,,,,,,,,,,,,,,,,,,,,,,,,,,,,,,,,,,,,,,,,,
,,,,,,,,,,,,,,,,,,,,,,,,,,,,,,,,,,,,,,,,,,,,,,,,,,,,,,,,
,,,,,,,,,,,,,,,,,,,,,,,,,,,,,,,,,,,,,,,,,,,,,,,,,,,,,,,,
,,,,,,,,,,,,,,,,,,,,,,,,,,,,,,,,,,,,,,,,,,,,,,,,,,,,,,,,
,,,,,,,,,,,,,,,,,,,,,,,,,,,,,,,,,,,,,,,,,,,,,,,,,,,,,,,,
,,,,,,,,,,,,,,,,,,,,,,,,,,,,,,,,,,,,,,,,,,,,,,,,,,,,,,,,
,,,,,,,,,,,,,,,,,,,,,,,,,,,,,,,,,,,,,,,,,,,,,,,,,,,,,,,,
,,,,,,,,,,,,,,,,,,,,,,,,,,,,,,,,,,,,,,,,,,,,,,,,,,,,,,,,
,,,,,,,,,,,,,,,,,,,,,,,,,,,,,,,,,,,,,,,,,,,,,,,,,,,,,,,,
,,,,,,,,,,,,,,,,,,,,,,,,,,,,,,,,,,,,,,,,,,,,,,,,,,,,,,,,
,,,,,,,,,,,,,,,,,,,,,,,,,,,,,,,,,,,,,,,,,,,,,,,,,,,,,,,,
,,,,,,,,,,,,,,,,,,,,,,,,,,,,,,,,,,,,,,,,,,,,,,,,,,,,,,,,
,,,,,,,,,,,,,,,,,,,,,,,,,,,,,,,,,,,,,,,,,,,,,,,,,,,,,,,,
,,,,,,,,,,,,,,,,,,,,,,,,,,,,,,,,,,,,,,,,,,,,,,,,,,,,,,,,
,,,,,,,,,,,,,,,,,,,,,,,,,,,,,,,,,,,,,,,,,,,,,,,,,,,,,,,,
,,,,,,,,,,,,,,,,,,,,,,,,,,,,,,,,,,,,,,,,,,,,,,,,,,,,,,,,
,,,,,,,,,,,,,,,,,,,,,,,,,,,,,,,,,,,,,,,,,,,,,,,,,,,,,,,,
,,,,,,,,,,,,,,,,,,,,,,,,,,,,,,,,,,,,,,,,,,,,,,,,,,,,,,,,
,,,,,,,,,,,,,,,,,,,,,,,,,,,,,,,,,,,,,,,,,,,,,,,,,,,,,,,,
,,,,,,,,,,,,,,,,,,,,,,,,,,,,,,,,,,,,,,,,,,,,,,,,,,,,,,,,
,,,,,,,,,,,,,,,,,,,,,,,,,,,,,,,,,,,,,,,,,,,,,,,,,,,,,,,,
,,,,,,,,,,,,,,,,,,,,,,,,,,,,,,,,,,,,,,,,,,,,,,,,,,,,,,,,
,,,,,,,,,,,,,,,,,,,,,,,,,,,,,,,,,,,,,,,,,,,,,,,,,,,,,,,,
,,,,,,,,,,,,,,,,,,,,,,,,,,,,,,,,,,,,,,,,,,,,,,,,,,,,,,,,
,,,,,,,,,,,,,,,,,,,,,,,,,,,,,,,,,,,,,,,,,,,,,,,,,,,,,,,,
,,,,,,,,,,,,,,,,,,,,,,,,,,,,,,,,,,,,,,,,,,,,,,,,,,,,,,,,
,,,,,,,,,,,,,,,,,,,,,,,,,,,,,,,,,,,,,,,,,,,,,,,,,,,,,,,,
,,,,,,,,,,,,,,,,,,,,,,,,,,,,,,,,,,,,,,,,,,,,,,,,,,,,,,,,
,,,,,,,,,,,,,,,,,,,,,,,,,,,,,,,,,,,,,,,,,,,,,,,,,,,,,,,,
,,,,,,,,,,,,,,,,,,,,,,,,,,,,,,,,,,,,,,,,,,,,,,,,,,,,,,,,
,,,,,,,,,,,,,,,,,,,,,,,,,,,,,,,,,,,,,,,,,,,,,,,,,,,,,,,,
,,,,,,,,,,,,,,,,,,,,,,,,,,,,,,,,,,,,,,,,,,,,,,,,,,,,,,,,
,,,,,,,,,,,,,,,,,,,,,,,,,,,,,,,,,,,,,,,,,,,,,,,,,,,,,,,,
,,,,,,,,,,,,,,,,,,,,,,,,,,,,,,,,,,,,,,,,,,,,,,,,,,,,,,,,
,,,,,,,,,,,,,,,,,,,,,,,,,,,,,,,,,,,,,,,,,,,,,,,,,,,,,,,,
,,,,,,,,,,,,,,,,,,,,,,,,,,,,,,,,,,,,,,,,,,,,,,,,,,,,,,,,
